<?xml version="1.0" encoding="UTF-8"?><InteractionHistory Id="local-1" Version="1"><InteractionEvent Delta="null" EndDate="2011-11-21 10:45:40.881 CET" Interest="128.6" Kind="propagation" Navigation="org.eclipse.mylyn.core.model.edges.containment" OriginId="org.eclipse.mylyn.core.model.interest.propagation" StartDate="2011-11-21 08:20:55.548 CET" StructureHandle="" StructureKind="java" NumEvents="174" CreationCount="1"/><InteractionEvent Delta="null" EndDate="2011-11-21 09:58:36.228 CET" Interest="116.6" Kind="propagation" Navigation="org.eclipse.mylyn.core.model.edges.containment" OriginId="org.eclipse.mylyn.core.model.interest.propagation" StartDate="2011-11-21 08:20:55.548 CET" StructureHandle="/measuringCore/src/baseClasses" StructureKind="resource" NumEvents="158" CreationCount="1"/><InteractionEvent Delta="null" EndDate="2011-11-21 10:49:51.368 CET" Interest="104.0" Kind="propagation" Navigation="org.eclipse.mylyn.core.model.edges.containment" OriginId="org.eclipse.mylyn.core.model.interest.propagation" StartDate="2011-11-21 10:18:09.552 CET" StructureHandle="/measurementDriver/src/ch/ethz/ruediste" StructureKind="resource" NumEvents="104" CreationCount="627"/><InteractionEvent Delta="null" EndDate="2011-11-21 10:38:40.170 CET" Interest="51.0" Kind="propagation" Navigation="null" OriginId="org.eclipse.jdt.ui.CompilationUnitEditor" StartDate="2011-11-21 10:22:11.651 CET" StructureHandle="/multiLanguageCodeGenerator/src/ch/ethz/ruediste/roofline/multiLanguageCodeGenerator/Main.java" StructureKind="resource" NumEvents="51" CreationCount="718"/><InteractionEvent Delta="null" EndDate="2011-11-21 10:32:03.994 CET" Interest="45.0" Kind="edit" Navigation="null" OriginId="org.eclipse.ui.DefaultTextEditor" StartDate="2011-11-21 10:29:43.144 CET" StructureHandle="/multiLanguageCodeGenerator/templates/cSerializationServiceTemplate.vm" StructureKind="resource" NumEvents="45" CreationCount="841"/><InteractionEvent Delta="null" EndDate="2011-11-21 10:29:43.341 CET" Interest="4.0" Kind="selection" Navigation="null" OriginId="org.eclipse.jdt.ui.PackageExplorer" StartDate="2011-11-21 10:29:43.90 CET" StructureHandle="/multiLanguageCodeGenerator/templates/cSerializationServiceTemplate.vm" StructureKind="resource" NumEvents="4" CreationCount="841"/><InteractionEvent Delta="null" EndDate="2011-11-21 10:36:23.518 CET" Interest="29.0" Kind="propagation" Navigation="org.eclipse.mylyn.core.model.edges.containment" OriginId="org.eclipse.mylyn.core.model.interest.propagation" StartDate="2011-11-21 10:19:51.823 CET" StructureHandle="=sharedDOM" StructureKind="resource" NumEvents="31" CreationCount="666"/><InteractionEvent Delta="null" EndDate="2011-11-21 09:20:28.285 CET" Interest="34.747" Kind="propagation" Navigation="org.eclipse.mylyn.core.model.edges.containment" OriginId="org.eclipse.mylyn.core.model.interest.propagation" StartDate="2011-11-21 08:28:03.211 CET" StructureHandle="/measuringCore/Debug/src" StructureKind="resource" NumEvents="40" CreationCount="23"/><InteractionEvent Delta="null" EndDate="2011-11-21 10:38:40.170 CET" Interest="51.0" Kind="propagation" Navigation="org.eclipse.mylyn.core.model.edges.containment" OriginId="org.eclipse.mylyn.core.model.interest.propagation" StartDate="2011-11-21 10:22:11.652 CET" StructureHandle="/multiLanguageCodeGenerator/src/ch/ethz/ruediste" StructureKind="resource" NumEvents="51" CreationCount="718"/><InteractionEvent Delta="null" EndDate="2011-11-21 10:35:21.709 CET" Interest="9.0" Kind="edit" Navigation="null" OriginId="org.eclipse.jdt.ui.CompilationUnitEditor" StartDate="2011-11-21 10:35:08.653 CET" StructureHandle="=sharedDOM/src&amp;lt;ch.ethz.ruediste.roofline.sharedDOM{MeasurementCollection.java[MeasurementCollection~addDescription~QKernelDescriptionBase;~QMeasurementSchemeDescriptionBase;~QMeasurerDescriptionBase;" StructureKind="java" NumEvents="9" CreationCount="948"/><InteractionEvent Delta="null" EndDate="2011-11-21 10:36:23.943 CET" Interest="3.0" Kind="selection" Navigation="null" OriginId="org.eclipse.jdt.ui.CompilationUnitEditor" StartDate="2011-11-21 10:35:04.962 CET" StructureHandle="=sharedDOM/src&amp;lt;ch.ethz.ruediste.roofline.sharedDOM{MeasurementCollection.java[MeasurementCollection~addDescription~QKernelDescriptionBase;~QMeasurementSchemeDescriptionBase;~QMeasurerDescriptionBase;" StructureKind="java" NumEvents="3" CreationCount="948"/><InteractionEvent Delta="null" EndDate="2011-11-21 10:36:23.943 CET" Interest="22.0" Kind="propagation" Navigation="org.eclipse.mylyn.core.model.edges.containment" OriginId="org.eclipse.mylyn.core.model.interest.propagation" StartDate="2011-11-21 10:34:49.272 CET" StructureHandle="/sharedDOM/src/ch/ethz/ruediste" StructureKind="resource" NumEvents="22" CreationCount="941"/><InteractionEvent Delta="null" EndDate="2011-11-21 10:38:00.131 CET" Interest="1.0" Kind="propagation" Navigation="null" OriginId="org.eclipse.mylyn.resources.ui.interest.updater" StartDate="2011-11-21 10:38:00.131 CET" StructureHandle="/measuringCore/Debug/makefile.init" StructureKind="resource"/><InteractionEvent Delta="null" EndDate="2011-11-21 10:22:12.547 CET" Interest="1.0" Kind="selection" Navigation="null" OriginId="org.eclipse.jdt.ui.CompilationUnitEditor" StartDate="2011-11-21 10:22:12.547 CET" StructureHandle="=multiLanguageCodeGenerator/src&amp;lt;ch.ethz.ruediste.roofline.multiLanguageCodeGenerator{Main.java[Main~main~\[QString;" StructureKind="java"/><InteractionEvent Delta="null" EndDate="2011-11-21 10:35:57.579 CET" Interest="1.0" Kind="propagation" Navigation="org.eclipse.mylyn.core.model.edges.containment" OriginId="org.eclipse.mylyn.core.model.interest.propagation" StartDate="2011-11-21 10:35:57.579 CET" StructureHandle="/multiLanguageClasses/generatedJava/ch/ethz/ruediste/roofline/sharedDOM" StructureKind="resource"/><InteractionEvent Delta="null" EndDate="2011-11-21 10:24:49.62 CET" Interest="4.692" Kind="propagation" Navigation="org.eclipse.mylyn.core.model.edges.containment" OriginId="org.eclipse.mylyn.core.model.interest.propagation" StartDate="2011-11-21 10:19:52.462 CET" StructureHandle="=sharedDOM/generatedJava&amp;lt;ch.ethz.ruediste.roofline.sharedDOM{MultiLanguageSerializationService.java[MultiLanguageSerializationService" StructureKind="java" NumEvents="6" CreationCount="667"/><InteractionEvent Delta="null" EndDate="2011-11-21 10:36:09.258 CET" Interest="13.0" Kind="propagation" Navigation="null" OriginId="org.eclipse.mylyn.resources.ui.interest.updater" StartDate="2011-11-21 08:46:16.495 CET" StructureHandle="/measuringCore/Debug/src/kernels/MemoryLoadKernel.o" StructureKind="resource" NumEvents="13" CreationCount="251"/><InteractionEvent Delta="null" EndDate="2011-11-21 10:39:04.458 CET" Interest="1.0" Kind="prediction" Navigation="null" OriginId="org.eclipse.mylyn.resources.ui.interest.updater" StartDate="2011-11-21 10:39:04.458 CET" StructureHandle="/measuringCore/Debug/src/kernels/MemoryLoadKernel.o" StructureKind="resource"/><InteractionEvent Delta="null" EndDate="2011-11-21 10:35:57.580 CET" Interest="1.0" Kind="propagation" Navigation="org.eclipse.mylyn.core.model.edges.containment" OriginId="org.eclipse.mylyn.core.model.interest.propagation" StartDate="2011-11-21 10:35:57.580 CET" StructureHandle="/multiLanguageClasses/generatedJava/ch/ethz" StructureKind="resource"/><InteractionEvent Delta="null" EndDate="2011-11-21 10:38:29.388 CET" Interest="56.0" Kind="propagation" Navigation="org.eclipse.mylyn.core.model.edges.containment" OriginId="org.eclipse.mylyn.core.model.interest.propagation" StartDate="2011-11-21 10:32:46.950 CET" StructureHandle="/measurementGenerator/src/ch/ethz" StructureKind="resource" NumEvents="56" CreationCount="897"/><InteractionEvent Delta="null" EndDate="2011-11-21 10:49:51.369 CET" Interest="929.0" Kind="propagation" Navigation="null" OriginId="org.eclipse.jdt.ui.CompilationUnitEditor" StartDate="2011-11-21 08:20:55.548 CET" StructureHandle="/" StructureKind="resource" NumEvents="929" CreationCount="1"/><InteractionEvent Delta="null" EndDate="2011-11-21 10:28:32.135 CET" Interest="22.0" Kind="propagation" Navigation="org.eclipse.mylyn.core.model.edges.containment" OriginId="org.eclipse.mylyn.core.model.interest.propagation" StartDate="2011-11-21 10:26:06.673 CET" StructureHandle="/testSerialization/src/ch/ethz/ruediste/roofline" StructureKind="resource" NumEvents="22" CreationCount="776"/><InteractionEvent Delta="null" EndDate="2011-11-21 09:58:36.229 CET" Interest="116.6" Kind="propagation" Navigation="org.eclipse.mylyn.core.model.edges.containment" OriginId="org.eclipse.mylyn.core.model.interest.propagation" StartDate="2011-11-21 08:20:55.548 CET" StructureHandle="/measuringCore/src" StructureKind="resource" NumEvents="162" CreationCount="1"/><InteractionEvent Delta="null" EndDate="2011-11-21 10:28:32.136 CET" Interest="25.0" Kind="propagation" Navigation="null" OriginId="org.eclipse.jdt.ui.CompilationUnitEditor" StartDate="2011-11-21 10:26:04.91 CET" StructureHandle="/testSerialization/src" StructureKind="resource" NumEvents="25" CreationCount="773"/><InteractionEvent Delta="null" EndDate="2011-11-21 10:36:31.803 CET" Interest="1.0" Kind="prediction" Navigation="null" OriginId="org.eclipse.mylyn.resources.ui.interest.updater" StartDate="2011-11-21 10:36:31.803 CET" StructureHandle="/measurementDriver/measurement.xml" StructureKind="resource"/><InteractionEvent Delta="null" EndDate="2011-11-21 10:38:29.388 CET" Interest="56.0" Kind="propagation" Navigation="null" OriginId="org.eclipse.jdt.ui.CompilationUnitEditor" StartDate="2011-11-21 10:32:46.950 CET" StructureHandle="/measurementGenerator/src/ch/ethz/ruediste/roofline/measurementGenerator/Main.java" StructureKind="resource" NumEvents="56" CreationCount="897"/><InteractionEvent Delta="null" EndDate="2011-11-21 10:36:23.872 CET" Interest="9.419" Kind="propagation" Navigation="org.eclipse.mylyn.core.model.edges.containment" OriginId="org.eclipse.mylyn.core.model.interest.propagation" StartDate="2011-11-21 10:34:49.272 CET" StructureHandle="=sharedDOM/src" StructureKind="java" NumEvents="15" CreationCount="941"/><InteractionEvent Delta="null" EndDate="2011-11-21 10:26:04.524 CET" Interest="1.0" Kind="selection" Navigation="null" OriginId="org.eclipse.jdt.ui.CompilationUnitEditor" StartDate="2011-11-21 10:26:04.524 CET" StructureHandle="=testSerialization/src&amp;lt;{AllTests.java#org.junit.runner.RunWith" StructureKind="java"/><InteractionEvent Delta="null" EndDate="2011-11-21 10:27:53.197 CET" Interest="11.0" Kind="edit" Navigation="null" OriginId="org.eclipse.wst.xml.ui.internal.tabletree.XMLMultiPageEditorPart" StartDate="2011-11-21 10:25:37.270 CET" StructureHandle="/multiLanguageClasses/definitions/MultiLanguageTestClass.xml" StructureKind="resource" NumEvents="11" CreationCount="758"/><InteractionEvent Delta="null" EndDate="2011-11-21 10:27:53.158 CET" Interest="6.0" Kind="selection" Navigation="null" OriginId="org.eclipse.wst.xml.ui.internal.tabletree.XMLMultiPageEditorPart" StartDate="2011-11-21 10:25:37.207 CET" StructureHandle="/multiLanguageClasses/definitions/MultiLanguageTestClass.xml" StructureKind="resource" NumEvents="6" CreationCount="758"/><InteractionEvent Delta="null" EndDate="2011-11-21 10:46:13.282 CET" Interest="18.0" Kind="propagation" Navigation="org.eclipse.mylyn.core.model.edges.containment" OriginId="org.eclipse.mylyn.core.model.interest.propagation" StartDate="2011-11-21 08:28:03.212 CET" StructureHandle="/measuringCore/Debug/src/kernels" StructureKind="resource" NumEvents="19" CreationCount="23"/><InteractionEvent Delta="null" EndDate="2011-11-21 10:38:29.388 CET" Interest="37.7" Kind="propagation" Navigation="org.eclipse.mylyn.core.model.edges.containment" OriginId="org.eclipse.mylyn.core.model.interest.propagation" StartDate="2011-11-21 10:33:09.911 CET" StructureHandle="=measurementGenerator/src&amp;lt;ch.ethz.ruediste.roofline.measurementGenerator{Main.java[Main" StructureKind="java" NumEvents="53" CreationCount="899"/><InteractionEvent Delta="null" EndDate="2011-11-21 10:38:29.388 CET" Interest="56.0" Kind="propagation" Navigation="org.eclipse.mylyn.core.model.edges.containment" OriginId="org.eclipse.mylyn.core.model.interest.propagation" StartDate="2011-11-21 10:32:46.950 CET" StructureHandle="/measurementGenerator/src/ch/ethz/ruediste/roofline" StructureKind="resource" NumEvents="56" CreationCount="897"/><InteractionEvent Delta="null" EndDate="2011-11-21 10:24:49.62 CET" Interest="2.0" Kind="edit" Navigation="null" OriginId="org.eclipse.jdt.ui.CompilationUnitEditor" StartDate="2011-11-21 10:24:46.903 CET" StructureHandle="=sharedDOM/generatedJava&amp;lt;ch.ethz.ruediste.roofline.sharedDOM{MultiLanguageSerializationService.java[MultiLanguageSerializationService~DeSerialize~QInputStream;" StructureKind="java" NumEvents="2" CreationCount="743"/><InteractionEvent Delta="null" EndDate="2011-11-21 10:24:38.769 CET" Interest="2.0" Kind="selection" Navigation="null" OriginId="org.eclipse.ui.views.ContentOutline" StartDate="2011-11-21 10:24:38.750 CET" StructureHandle="=sharedDOM/generatedJava&amp;lt;ch.ethz.ruediste.roofline.sharedDOM{MultiLanguageSerializationService.java[MultiLanguageSerializationService~DeSerialize~QInputStream;" StructureKind="java" NumEvents="2" CreationCount="743"/><InteractionEvent Delta="null" EndDate="2011-11-21 10:28:32.135 CET" Interest="7.7530003" Kind="propagation" Navigation="org.eclipse.mylyn.core.model.edges.containment" OriginId="org.eclipse.mylyn.core.model.interest.propagation" StartDate="2011-11-21 10:26:10.172 CET" StructureHandle="=testSerialization/src&amp;lt;ch.ethz.ruediste.roofline.test.serialization{SerializationTest.java[SerializationTest" StructureKind="java" NumEvents="11" CreationCount="778"/><InteractionEvent Delta="null" EndDate="2011-11-21 10:24:33.409 CET" Interest="0.24100006" Kind="manipulation" Navigation="null" OriginId="org.eclipse.mylyn.core.model.interest.decay.correction" StartDate="2011-11-21 10:24:33.409 CET" StructureHandle="=sharedDOM/generatedJava&amp;lt;ch.ethz.ruediste.roofline.sharedDOM{MultiLanguageSerializationService.java[MultiLanguageSerializationService~Serialize~QObject;~QOutputStream;" StructureKind="java"/><InteractionEvent Delta="null" EndDate="2011-11-21 10:24:38.589 CET" Interest="3.0" Kind="selection" Navigation="null" OriginId="org.eclipse.ui.views.ContentOutline" StartDate="2011-11-21 10:19:52.461 CET" StructureHandle="=sharedDOM/generatedJava&amp;lt;ch.ethz.ruediste.roofline.sharedDOM{MultiLanguageSerializationService.java[MultiLanguageSerializationService~Serialize~QObject;~QOutputStream;" StructureKind="java" NumEvents="3" CreationCount="667"/><InteractionEvent Delta="null" EndDate="2011-11-21 10:36:23.517 CET" Interest="1.0" Kind="edit" Navigation="null" OriginId="org.eclipse.jdt.ui.CompilationUnitEditor" StartDate="2011-11-21 10:36:23.517 CET" StructureHandle="=sharedDOM/generatedJava&amp;lt;ch.ethz.ruediste.roofline.sharedDOM{MeasurementDescription.java[MeasurementDescription^optimization" StructureKind="java"/><InteractionEvent Delta="null" EndDate="2011-11-21 10:36:21.740 CET" Interest="2.0" Kind="selection" Navigation="null" OriginId="org.eclipse.ui.views.ContentOutline" StartDate="2011-11-21 10:36:21.721 CET" StructureHandle="=sharedDOM/generatedJava&amp;lt;ch.ethz.ruediste.roofline.sharedDOM{MeasurementDescription.java[MeasurementDescription^optimization" StructureKind="java" NumEvents="2" CreationCount="978"/><InteractionEvent Delta="null" EndDate="2011-11-21 10:48:17.322 CET" Interest="58.433994" Kind="propagation" Navigation="org.eclipse.mylyn.core.model.edges.containment" OriginId="org.eclipse.mylyn.core.model.interest.propagation" StartDate="2011-11-21 10:18:28.743 CET" StructureHandle="=measurementDriver/src&amp;lt;ch.ethz.ruediste.roofline.measurementDriver{Main.java" StructureKind="java" NumEvents="83" CreationCount="627"/><InteractionEvent Delta="null" EndDate="2011-11-21 10:49:51.273 CET" Interest="11.0" Kind="selection" Navigation="null" OriginId="org.eclipse.jdt.ui.CompilationUnitEditor" StartDate="2011-11-21 10:18:09.551 CET" StructureHandle="=measurementDriver/src&amp;lt;ch.ethz.ruediste.roofline.measurementDriver{Main.java" StructureKind="java" NumEvents="11" CreationCount="627"/><InteractionEvent Delta="null" EndDate="2011-11-21 10:13:50.160 CET" Interest="3.0" Kind="edit" Navigation="null" OriginId="org.eclipse.cdt.make.editor" StartDate="2011-11-21 10:01:18.955 CET" StructureHandle="/measuringCore/Debug/src/subdir.mk" StructureKind="resource" NumEvents="3" CreationCount="23"/><InteractionEvent Delta="null" EndDate="2011-11-21 10:13:52.1 CET" Interest="8.0" Kind="selection" Navigation="null" OriginId="org.eclipse.ui.navigator.ProjectExplorer" StartDate="2011-11-21 10:01:18.549 CET" StructureHandle="/measuringCore/Debug/src/subdir.mk" StructureKind="resource" NumEvents="8" CreationCount="23"/><InteractionEvent Delta="null" EndDate="2011-11-21 09:23:03.75 CET" Interest="10.0" Kind="prediction" Navigation="null" OriginId="org.eclipse.mylyn.resources.ui.interest.updater" StartDate="2011-11-21 08:28:03.210 CET" StructureHandle="/measuringCore/Debug/src/subdir.mk" StructureKind="resource" NumEvents="10" CreationCount="23"/><InteractionEvent Delta="null" EndDate="2011-11-21 09:58:36.229 CET" Interest="116.6" Kind="propagation" Navigation="org.eclipse.mylyn.core.model.edges.containment" OriginId="org.eclipse.mylyn.core.model.interest.propagation" StartDate="2011-11-21 08:20:55.548 CET" StructureHandle="=measuringCore" StructureKind="java" NumEvents="162" CreationCount="1"/><InteractionEvent Delta="null" EndDate="2011-11-21 10:45:40.881 CET" Interest="12.0" Kind="selection" Navigation="null" OriginId="org.eclipse.jdt.ui.PackageExplorer" StartDate="2011-11-21 10:04:03.264 CET" StructureHandle="=measuringCore" StructureKind="java" NumEvents="12" CreationCount="1"/><InteractionEvent Delta="null" EndDate="2011-11-21 10:35:32.775 CET" Interest="2.0" Kind="edit" Navigation="null" OriginId="org.eclipse.jdt.ui.CompilationUnitEditor" StartDate="2011-11-21 10:35:31.329 CET" StructureHandle="=sharedDOM/generatedJava&amp;lt;ch.ethz.ruediste.roofline.sharedDOM{MeasurementDescription.java[MeasurementDescription~setOptimization~Qstring;" StructureKind="java" NumEvents="2" CreationCount="960"/><InteractionEvent Delta="null" EndDate="2011-11-21 10:35:58.214 CET" Interest="3.0" Kind="selection" Navigation="null" OriginId="org.eclipse.jdt.ui.CompilationUnitEditor" StartDate="2011-11-21 10:35:27.703 CET" StructureHandle="=sharedDOM/generatedJava&amp;lt;ch.ethz.ruediste.roofline.sharedDOM{MeasurementDescription.java[MeasurementDescription~setOptimization~QString;" StructureKind="java" NumEvents="3" CreationCount="960"/><InteractionEvent Delta="null" EndDate="2011-11-21 10:24:33.326 CET" Interest="0.20700008" Kind="manipulation" Navigation="null" OriginId="org.eclipse.mylyn.core.model.interest.decay.correction" StartDate="2011-11-21 10:24:33.326 CET" StructureHandle="=sharedDOM/generatedJava&amp;lt;ch.ethz.ruediste.roofline.sharedDOM{MultiLanguageSerializationService.java" StructureKind="java"/><InteractionEvent Delta="null" EndDate="2011-11-21 10:24:49.63 CET" Interest="1.5020001" Kind="propagation" Navigation="org.eclipse.mylyn.core.model.edges.containment" OriginId="org.eclipse.mylyn.core.model.interest.propagation" StartDate="2011-11-21 10:19:52.462 CET" StructureHandle="=sharedDOM/generatedJava&amp;lt;ch.ethz.ruediste.roofline.sharedDOM{MultiLanguageSerializationService.java" StructureKind="java" NumEvents="5" CreationCount="666"/><InteractionEvent Delta="null" EndDate="2011-11-21 10:24:33.372 CET" Interest="3.0" Kind="selection" Navigation="null" OriginId="org.eclipse.jdt.ui.PackageExplorer" StartDate="2011-11-21 10:19:51.823 CET" StructureHandle="=sharedDOM/generatedJava&amp;lt;ch.ethz.ruediste.roofline.sharedDOM{MultiLanguageSerializationService.java" StructureKind="java" NumEvents="3" CreationCount="666"/><InteractionEvent Delta="null" EndDate="2011-11-21 10:35:57.579 CET" Interest="1.0" Kind="propagation" Navigation="org.eclipse.mylyn.core.model.edges.containment" OriginId="org.eclipse.mylyn.core.model.interest.propagation" StartDate="2011-11-21 10:35:57.579 CET" StructureHandle="/multiLanguageClasses/generatedJava/ch/ethz/ruediste/roofline" StructureKind="resource"/><InteractionEvent Delta="null" EndDate="2011-11-21 10:32:22.242 CET" Interest="67.0" Kind="propagation" Navigation="null" OriginId="org.eclipse.ui.DefaultTextEditor" StartDate="2011-11-21 10:27:41.778 CET" StructureHandle="/multiLanguageCodeGenerator/templates" StructureKind="resource" NumEvents="67" CreationCount="800"/><InteractionEvent Delta="null" EndDate="2011-11-21 10:49:37.146 CET" Interest="783.0" Kind="propagation" Navigation="null" OriginId="org.eclipse.ui.DefaultTextEditor" StartDate="2011-11-21 08:20:55.548 CET" StructureHandle="/measuringCore" StructureKind="resource" NumEvents="783" CreationCount="1"/><InteractionEvent Delta="null" EndDate="2011-11-21 10:46:13.281 CET" Interest="18.0" Kind="prediction" Navigation="null" OriginId="org.eclipse.mylyn.resources.ui.interest.updater" StartDate="2011-11-21 08:28:03.210 CET" StructureHandle="/measuringCore/Debug/src/kernels/subdir.mk" StructureKind="resource" NumEvents="18" CreationCount="23"/><InteractionEvent Delta="null" EndDate="2011-11-21 10:35:57.580 CET" Interest="1.0" Kind="propagation" Navigation="org.eclipse.mylyn.core.model.edges.containment" OriginId="org.eclipse.mylyn.core.model.interest.propagation" StartDate="2011-11-21 10:35:57.580 CET" StructureHandle="/multiLanguageClasses/generatedJava/ch" StructureKind="resource"/><InteractionEvent Delta="null" EndDate="2011-11-21 10:35:57.580 CET" Interest="1.0" Kind="propagation" Navigation="org.eclipse.mylyn.core.model.edges.containment" OriginId="org.eclipse.mylyn.core.model.interest.propagation" StartDate="2011-11-21 10:35:57.580 CET" StructureHandle="=multiLanguageClasses/generatedJava\/ch\/ethz\/ruediste\/roofline\/sharedDOM&amp;lt;" StructureKind="java"/><InteractionEvent Delta="null" EndDate="2011-11-21 10:35:57.579 CET" Interest="1.0" Kind="propagation" Navigation="null" OriginId="org.eclipse.mylyn.resources.ui.interest.updater" StartDate="2011-11-21 10:35:57.579 CET" StructureHandle="/multiLanguageClasses/generatedJava/ch/ethz/ruediste/roofline/sharedDOM/MeasurementDescription.java" StructureKind="resource"/><InteractionEvent Delta="null" EndDate="2011-11-21 10:36:23.518 CET" Interest="28.0" Kind="propagation" Navigation="org.eclipse.mylyn.core.model.edges.containment" OriginId="org.eclipse.mylyn.core.model.interest.propagation" StartDate="2011-11-21 10:19:51.823 CET" StructureHandle="/sharedDOM/generatedJava/ch" StructureKind="resource" NumEvents="28" CreationCount="666"/><InteractionEvent Delta="null" EndDate="2011-11-21 10:36:23.943 CET" Interest="22.0" Kind="propagation" Navigation="org.eclipse.mylyn.core.model.edges.containment" OriginId="org.eclipse.mylyn.core.model.interest.propagation" StartDate="2011-11-21 10:34:49.272 CET" StructureHandle="/sharedDOM/src/ch/ethz/ruediste/roofline" StructureKind="resource" NumEvents="22" CreationCount="941"/><InteractionEvent Delta="null" EndDate="2011-11-21 10:28:32.136 CET" Interest="7.7870007" Kind="propagation" Navigation="org.eclipse.mylyn.core.model.edges.containment" OriginId="org.eclipse.mylyn.core.model.interest.propagation" StartDate="2011-11-21 10:26:06.674 CET" StructureHandle="=testSerialization/src&amp;lt;ch.ethz.ruediste.roofline.test.serialization" StructureKind="java" NumEvents="13" CreationCount="776"/><InteractionEvent Delta="null" EndDate="2011-11-21 10:28:32.136 CET" Interest="22.0" Kind="propagation" Navigation="org.eclipse.mylyn.core.model.edges.containment" OriginId="org.eclipse.mylyn.core.model.interest.propagation" StartDate="2011-11-21 10:26:06.673 CET" StructureHandle="/testSerialization/src/ch/ethz" StructureKind="resource" NumEvents="22" CreationCount="776"/><InteractionEvent Delta="null" EndDate="2011-11-21 10:13:50.103 CET" Interest="2.0" Kind="edit" Navigation="null" OriginId="org.eclipse.cdt.make.editor" StartDate="2011-11-21 10:01:41.116 CET" StructureHandle="/measuringCore/Debug/src/measurementSchemes/subdir.mk" StructureKind="resource" NumEvents="2" CreationCount="599"/><InteractionEvent Delta="null" EndDate="2011-11-21 10:01:41.274 CET" Interest="5.0" Kind="selection" Navigation="null" OriginId="org.eclipse.ui.navigator.ProjectExplorer" StartDate="2011-11-21 10:01:41.79 CET" StructureHandle="/measuringCore/Debug/src/measurementSchemes/subdir.mk" StructureKind="resource" NumEvents="5" CreationCount="599"/><InteractionEvent Delta="null" EndDate="2011-11-21 10:48:27.890 CET" Interest="13.0" Kind="prediction" Navigation="null" OriginId="org.eclipse.mylyn.resources.ui.interest.updater" StartDate="2011-11-21 08:42:05.502 CET" StructureHandle="/measuringCore/Debug/config" StructureKind="resource" NumEvents="13" CreationCount="156"/><InteractionEvent Delta="null" EndDate="2011-11-21 09:20:28.284 CET" Interest="12.0" Kind="edit" Navigation="null" OriginId="org.eclipse.cdt.ui.editor.asm.AsmEditor" StartDate="2011-11-21 09:06:25.456 CET" StructureHandle="/measuringCore/Debug/src/measurementSchemes/KBestMeasurementScheme.S" StructureKind="resource" NumEvents="12" CreationCount="514"/><InteractionEvent Delta="null" EndDate="2011-11-21 09:20:28.232 CET" Interest="18.0" Kind="selection" Navigation="null" OriginId="org.eclipse.cdt.ui.editor.asm.AsmEditor" StartDate="2011-11-21 09:06:25.405 CET" StructureHandle="/measuringCore/Debug/src/measurementSchemes/KBestMeasurementScheme.S" StructureKind="resource" NumEvents="18" CreationCount="514"/><InteractionEvent Delta="null" EndDate="2011-11-21 10:38:40.170 CET" Interest="51.0" Kind="propagation" Navigation="org.eclipse.mylyn.core.model.edges.containment" OriginId="org.eclipse.mylyn.core.model.interest.propagation" StartDate="2011-11-21 10:22:11.652 CET" StructureHandle="/multiLanguageCodeGenerator/src/ch/ethz/ruediste/roofline" StructureKind="resource" NumEvents="51" CreationCount="718"/><InteractionEvent Delta="null" EndDate="2011-11-21 10:18:09.552 CET" Interest="4.007" Kind="manipulation" Navigation="null" OriginId="org.eclipse.mylyn.core.model.interest.decay.correction" StartDate="2011-11-21 10:18:09.552 CET" StructureHandle="/measurementDriver" StructureKind="resource"/><InteractionEvent Delta="null" EndDate="2011-11-21 10:49:51.369 CET" Interest="110.0" Kind="propagation" Navigation="null" OriginId="org.eclipse.jdt.ui.CompilationUnitEditor" StartDate="2011-11-21 08:42:07.310 CET" StructureHandle="/measurementDriver" StructureKind="resource" NumEvents="110" CreationCount="156"/><InteractionEvent Delta="null" EndDate="2011-11-21 10:36:23.517 CET" Interest="28.0" Kind="propagation" Navigation="org.eclipse.mylyn.core.model.edges.containment" OriginId="org.eclipse.mylyn.core.model.interest.propagation" StartDate="2011-11-21 10:19:51.823 CET" StructureHandle="/sharedDOM/generatedJava/ch/ethz/ruediste" StructureKind="resource" NumEvents="28" CreationCount="666"/><InteractionEvent Delta="null" EndDate="2011-11-21 09:58:33.744 CET" Interest="40.0" Kind="edit" Navigation="null" OriginId="org.eclipse.cdt.ui.editor.CEditor" StartDate="2011-11-21 08:57:39.629 CET" StructureHandle="/measuringCore/src/main.cpp" StructureKind="resource" NumEvents="40" CreationCount="415"/><InteractionEvent Delta="null" EndDate="2011-11-21 09:58:27.398 CET" Interest="5.0" Kind="selection" Navigation="null" OriginId="org.eclipse.cdt.ui.editor.CEditor" StartDate="2011-11-21 08:57:39.567 CET" StructureHandle="/measuringCore/src/main.cpp" StructureKind="resource" NumEvents="5" CreationCount="415"/><InteractionEvent Delta="null" EndDate="2011-11-21 10:36:23.943 CET" Interest="22.0" Kind="propagation" Navigation="org.eclipse.mylyn.core.model.edges.containment" OriginId="org.eclipse.mylyn.core.model.interest.propagation" StartDate="2011-11-21 10:34:49.272 CET" StructureHandle="/sharedDOM/src/ch/ethz/ruediste/roofline/sharedDOM" StructureKind="resource" NumEvents="22" CreationCount="941"/><InteractionEvent Delta="null" EndDate="2011-11-21 10:49:51.368 CET" Interest="104.0" Kind="propagation" Navigation="org.eclipse.mylyn.core.model.edges.containment" OriginId="org.eclipse.mylyn.core.model.interest.propagation" StartDate="2011-11-21 10:18:09.552 CET" StructureHandle="/measurementDriver/src/ch" StructureKind="resource" NumEvents="104" CreationCount="627"/><InteractionEvent Delta="null" EndDate="2011-11-21 10:21:50.2 CET" Interest="14.0" Kind="edit" Navigation="null" OriginId="org.eclipse.wst.xml.ui.internal.tabletree.XMLMultiPageEditorPart" StartDate="2011-11-21 10:21:23.29 CET" StructureHandle="/multiLanguageClasses/definitions/MeasurementDescription.xml" StructureKind="resource" NumEvents="14" CreationCount="700"/><InteractionEvent Delta="null" EndDate="2011-11-21 10:21:23.328 CET" Interest="4.0" Kind="selection" Navigation="null" OriginId="org.eclipse.jdt.ui.PackageExplorer" StartDate="2011-11-21 10:21:20.457 CET" StructureHandle="/multiLanguageClasses/definitions/MeasurementDescription.xml" StructureKind="resource" NumEvents="4" CreationCount="700"/><InteractionEvent Delta="null" EndDate="2011-11-21 10:38:29.388 CET" Interest="51.0" Kind="edit" Navigation="null" OriginId="org.eclipse.jdt.ui.CompilationUnitEditor" StartDate="2011-11-21 10:33:12.138 CET" StructureHandle="=measurementGenerator/src&amp;lt;ch.ethz.ruediste.roofline.measurementGenerator{Main.java[Main~main~\[QString;" StructureKind="java" NumEvents="51" CreationCount="899"/><InteractionEvent Delta="null" EndDate="2011-11-21 10:37:13.364 CET" Interest="2.0" Kind="selection" Navigation="null" OriginId="org.eclipse.jdt.ui.CompilationUnitEditor" StartDate="2011-11-21 10:33:09.911 CET" StructureHandle="=measurementGenerator/src&amp;lt;ch.ethz.ruediste.roofline.measurementGenerator{Main.java[Main~main~\[QString;" StructureKind="java" NumEvents="2" CreationCount="899"/><InteractionEvent Delta="null" EndDate="2011-11-21 10:36:23.943 CET" Interest="9.401999" Kind="propagation" Navigation="org.eclipse.mylyn.core.model.edges.containment" OriginId="org.eclipse.mylyn.core.model.interest.propagation" StartDate="2011-11-21 10:34:50.126 CET" StructureHandle="=sharedDOM/src&amp;lt;ch.ethz.ruediste.roofline.sharedDOM{MeasurementCollection.java[MeasurementCollection" StructureKind="java" NumEvents="13" CreationCount="942"/><InteractionEvent Delta="null" EndDate="2011-11-21 10:27:53.198 CET" Interest="14.686" Kind="propagation" Navigation="org.eclipse.mylyn.core.model.edges.containment" OriginId="org.eclipse.mylyn.core.model.interest.propagation" StartDate="2011-11-21 10:21:20.457 CET" StructureHandle="/multiLanguageClasses/definitions" StructureKind="resource" NumEvents="20" CreationCount="700"/><InteractionEvent Delta="null" EndDate="2011-11-21 10:38:40.59 CET" Interest="29.234" Kind="propagation" Navigation="org.eclipse.mylyn.core.model.edges.containment" OriginId="org.eclipse.mylyn.core.model.interest.propagation" StartDate="2011-11-21 10:22:11.652 CET" StructureHandle="=multiLanguageCodeGenerator/src" StructureKind="java" NumEvents="39" CreationCount="718"/><InteractionEvent Delta="null" EndDate="2011-11-21 10:49:51.368 CET" Interest="104.0" Kind="propagation" Navigation="org.eclipse.mylyn.core.model.edges.containment" OriginId="org.eclipse.mylyn.core.model.interest.propagation" StartDate="2011-11-21 10:18:09.551 CET" StructureHandle="/measurementDriver/src/ch/ethz/ruediste/roofline" StructureKind="resource" NumEvents="104" CreationCount="627"/><InteractionEvent Delta="null" EndDate="2011-11-21 10:26:58.359 CET" Interest="8.0" Kind="edit" Navigation="null" OriginId="org.eclipse.jdt.ui.CompilationUnitEditor" StartDate="2011-11-21 10:26:44.914 CET" StructureHandle="=testSerialization/src&amp;lt;ch.ethz.ruediste.roofline.test.serialization{SerializationTest.java[SerializationTest~checkTestObject~QMultiLanguageTestClass;" StructureKind="java" NumEvents="8" CreationCount="787"/><InteractionEvent Delta="null" EndDate="2011-11-21 10:28:32.135 CET" Interest="2.0" Kind="selection" Navigation="null" OriginId="org.eclipse.jdt.ui.CompilationUnitEditor" StartDate="2011-11-21 10:26:42.848 CET" StructureHandle="=testSerialization/src&amp;lt;ch.ethz.ruediste.roofline.test.serialization{SerializationTest.java[SerializationTest~checkTestObject~QMultiLanguageTestClass;" StructureKind="java" NumEvents="2" CreationCount="787"/><InteractionEvent Delta="null" EndDate="2011-11-21 10:36:23.517 CET" Interest="14.0" Kind="propagation" Navigation="null" OriginId="org.eclipse.jdt.ui.CompilationUnitEditor" StartDate="2011-11-21 10:35:27.37 CET" StructureHandle="/sharedDOM/generatedJava/ch/ethz/ruediste/roofline/sharedDOM/MeasurementDescription.java" StructureKind="resource" NumEvents="14" CreationCount="959"/><InteractionEvent Delta="null" EndDate="2011-11-21 09:27:17.506 CET" Interest="93.799995" Kind="propagation" Navigation="org.eclipse.mylyn.core.model.edges.containment" OriginId="org.eclipse.mylyn.core.model.interest.propagation" StartDate="2011-11-21 08:33:59.252 CET" StructureHandle="/measuringCore/src/measurementSchemes" StructureKind="resource" NumEvents="125" CreationCount="48"/><InteractionEvent Delta="null" EndDate="2011-11-21 10:35:57.579 CET" Interest="1.0" Kind="prediction" Navigation="null" OriginId="org.eclipse.mylyn.resources.ui.interest.updater" StartDate="2011-11-21 10:35:57.579 CET" StructureHandle="=multiLanguageClasses/generatedJava\/ch\/ethz\/ruediste\/roofline\/sharedDOM&amp;lt;{MeasurementDescription.java" StructureKind="java"/><InteractionEvent Delta="null" EndDate="2011-11-21 10:25:00.175 CET" Interest="14.0" Kind="propagation" Navigation="null" OriginId="org.eclipse.jdt.ui.CompilationUnitEditor" StartDate="2011-11-21 10:19:51.823 CET" StructureHandle="/sharedDOM/generatedJava/ch/ethz/ruediste/roofline/sharedDOM/MultiLanguageSerializationService.java" StructureKind="resource" NumEvents="14" CreationCount="666"/><InteractionEvent Delta="null" EndDate="2011-11-21 10:49:51.368 CET" Interest="111.007" Kind="propagation" Navigation="org.eclipse.mylyn.core.model.edges.containment" OriginId="org.eclipse.mylyn.core.model.interest.propagation" StartDate="2011-11-21 08:42:07.308 CET" StructureHandle="=measurementDriver" StructureKind="resource" NumEvents="107" CreationCount="156"/><InteractionEvent Delta="null" EndDate="2011-11-21 10:45:37.739 CET" Interest="1.0" Kind="selection" Navigation="null" OriginId="org.eclipse.jdt.ui.PackageExplorer" StartDate="2011-11-21 10:45:37.739 CET" StructureHandle="=measurementDriver" StructureKind="java"/><InteractionEvent Delta="null" EndDate="2011-11-21 10:38:40.170 CET" Interest="28.317" Kind="propagation" Navigation="org.eclipse.mylyn.core.model.edges.containment" OriginId="org.eclipse.mylyn.core.model.interest.propagation" StartDate="2011-11-21 10:22:12.548 CET" StructureHandle="=multiLanguageCodeGenerator/src&amp;lt;ch.ethz.ruediste.roofline.multiLanguageCodeGenerator{Main.java[Main" StructureKind="java" NumEvents="38" CreationCount="719"/><InteractionEvent Delta="null" EndDate="2011-11-21 10:46:13.281 CET" Interest="18.0" Kind="prediction" Navigation="null" OriginId="org.eclipse.mylyn.resources.ui.interest.updater" StartDate="2011-11-21 08:28:03.210 CET" StructureHandle="/measuringCore/Debug/makefile" StructureKind="resource" NumEvents="18" CreationCount="23"/><InteractionEvent Delta="null" EndDate="2011-11-21 10:28:32.135 CET" Interest="22.0" Kind="propagation" Navigation="org.eclipse.mylyn.core.model.edges.containment" OriginId="org.eclipse.mylyn.core.model.interest.propagation" StartDate="2011-11-21 10:26:06.673 CET" StructureHandle="/testSerialization/src/ch/ethz/ruediste/roofline/test" StructureKind="resource" NumEvents="22" CreationCount="776"/><InteractionEvent Delta="null" EndDate="2011-11-21 10:36:23.944 CET" Interest="22.0" Kind="propagation" Navigation="org.eclipse.mylyn.core.model.edges.containment" OriginId="org.eclipse.mylyn.core.model.interest.propagation" StartDate="2011-11-21 10:34:49.272 CET" StructureHandle="/sharedDOM/src" StructureKind="resource" NumEvents="22" CreationCount="941"/><InteractionEvent Delta="null" EndDate="2011-11-21 10:38:29.390 CET" Interest="37.734" Kind="propagation" Navigation="org.eclipse.mylyn.core.model.edges.containment" OriginId="org.eclipse.mylyn.core.model.interest.propagation" StartDate="2011-11-21 10:32:46.950 CET" StructureHandle="=measurementGenerator/src" StructureKind="java" NumEvents="53" CreationCount="897"/><InteractionEvent Delta="null" EndDate="2011-11-21 10:32:22.242 CET" Interest="68.394005" Kind="propagation" Navigation="org.eclipse.mylyn.core.model.edges.containment" OriginId="org.eclipse.mylyn.core.model.interest.propagation" StartDate="2011-11-21 10:22:11.652 CET" StructureHandle="=multiLanguageCodeGenerator" StructureKind="resource" NumEvents="69" CreationCount="718"/><InteractionEvent Delta="null" EndDate="2011-11-21 09:20:28.285 CET" Interest="26.4" Kind="propagation" Navigation="org.eclipse.mylyn.core.model.edges.containment" OriginId="org.eclipse.mylyn.core.model.interest.propagation" StartDate="2011-11-21 09:06:25.405 CET" StructureHandle="/measuringCore/Debug/src/measurementSchemes" StructureKind="resource" NumEvents="30" CreationCount="514"/><InteractionEvent Delta="null" EndDate="2011-11-21 10:36:23.517 CET" Interest="28.0" Kind="propagation" Navigation="null" OriginId="org.eclipse.jdt.ui.CompilationUnitEditor" StartDate="2011-11-21 10:19:51.823 CET" StructureHandle="/sharedDOM/generatedJava/ch/ethz/ruediste/roofline/sharedDOM" StructureKind="resource" NumEvents="28" CreationCount="666"/><InteractionEvent Delta="null" EndDate="2011-11-21 10:36:23.517 CET" Interest="28.0" Kind="propagation" Navigation="org.eclipse.mylyn.core.model.edges.containment" OriginId="org.eclipse.mylyn.core.model.interest.propagation" StartDate="2011-11-21 10:19:51.823 CET" StructureHandle="/sharedDOM/generatedJava/ch/ethz" StructureKind="resource" NumEvents="28" CreationCount="666"/><InteractionEvent Delta="null" EndDate="2011-11-21 10:27:53.198 CET" Interest="14.686" Kind="propagation" Navigation="org.eclipse.mylyn.core.model.edges.containment" OriginId="org.eclipse.mylyn.core.model.interest.propagation" StartDate="2011-11-21 10:21:20.457 CET" StructureHandle="=multiLanguageClasses" StructureKind="java" NumEvents="20" CreationCount="700"/><InteractionEvent Delta="null" EndDate="2011-11-21 10:26:04.525 CET" Interest="3.0" Kind="propagation" Navigation="null" OriginId="org.eclipse.jdt.ui.CompilationUnitEditor" StartDate="2011-11-21 10:26:04.91 CET" StructureHandle="/testSerialization/src/AllTests.java" StructureKind="resource" NumEvents="3" CreationCount="773"/><InteractionEvent Delta="null" EndDate="2011-11-21 10:39:16.365 CET" Interest="1.0" Kind="propagation" Navigation="null" OriginId="org.eclipse.mylyn.resources.ui.interest.updater" StartDate="2011-11-21 10:39:16.365 CET" StructureHandle="/measuringCore/Debug/src/utils.d" StructureKind="resource"/><InteractionEvent Delta="null" EndDate="2011-11-21 10:41:30.228 CET" Interest="7.0" Kind="prediction" Navigation="null" OriginId="org.eclipse.mylyn.resources.ui.interest.updater" StartDate="2011-11-21 10:09:00.643 CET" StructureHandle="/measuringCore/Debug/src/utils.d" StructureKind="resource" NumEvents="7" CreationCount="605"/><InteractionEvent Delta="null" EndDate="2011-11-21 10:49:51.368 CET" Interest="104.0" Kind="propagation" Navigation="org.eclipse.mylyn.core.model.edges.containment" OriginId="org.eclipse.mylyn.core.model.interest.propagation" StartDate="2011-11-21 10:18:09.552 CET" StructureHandle="/measurementDriver/src/ch/ethz" StructureKind="resource" NumEvents="104" CreationCount="627"/><InteractionEvent Delta="null" EndDate="2011-11-21 10:38:29.389 CET" Interest="56.0" Kind="propagation" Navigation="org.eclipse.mylyn.core.model.edges.containment" OriginId="org.eclipse.mylyn.core.model.interest.propagation" StartDate="2011-11-21 10:32:46.950 CET" StructureHandle="/measurementGenerator/src" StructureKind="resource" NumEvents="56" CreationCount="897"/><InteractionEvent Delta="null" EndDate="2011-11-21 10:46:13.281 CET" Interest="18.0" Kind="propagation" Navigation="org.eclipse.mylyn.core.model.edges.containment" OriginId="org.eclipse.mylyn.core.model.interest.propagation" StartDate="2011-11-21 08:28:03.210 CET" StructureHandle="/measuringCore/Debug/src/generatedC" StructureKind="resource" NumEvents="17" CreationCount="23"/><InteractionEvent Delta="null" EndDate="2011-11-21 10:35:57.579 CET" Interest="1.0" Kind="propagation" Navigation="org.eclipse.mylyn.core.model.edges.containment" OriginId="org.eclipse.mylyn.core.model.interest.propagation" StartDate="2011-11-21 10:35:57.579 CET" StructureHandle="/multiLanguageClasses/generatedJava/ch/ethz/ruediste" StructureKind="resource"/><InteractionEvent Delta="null" EndDate="2011-11-21 10:28:32.136 CET" Interest="22.0" Kind="propagation" Navigation="org.eclipse.mylyn.core.model.edges.containment" OriginId="org.eclipse.mylyn.core.model.interest.propagation" StartDate="2011-11-21 10:26:06.673 CET" StructureHandle="/testSerialization/src/ch" StructureKind="resource" NumEvents="22" CreationCount="776"/><InteractionEvent Delta="null" EndDate="2011-11-21 10:28:32.136 CET" Interest="4.7870007" Kind="propagation" Navigation="org.eclipse.mylyn.core.model.edges.containment" OriginId="org.eclipse.mylyn.core.model.interest.propagation" StartDate="2011-11-21 10:26:12.333 CET" StructureHandle="=testSerialization/src&amp;lt;ch.ethz.ruediste.roofline.test.serialization{SerializationTest.java" StructureKind="java" NumEvents="10" CreationCount="776"/><InteractionEvent Delta="null" EndDate="2011-11-21 10:28:32.74 CET" Interest="3.0" Kind="selection" Navigation="null" OriginId="org.eclipse.jdt.ui.CompilationUnitEditor" StartDate="2011-11-21 10:26:06.673 CET" StructureHandle="=testSerialization/src&amp;lt;ch.ethz.ruediste.roofline.test.serialization{SerializationTest.java" StructureKind="java" NumEvents="3" CreationCount="776"/><InteractionEvent Delta="null" EndDate="2011-11-21 10:35:57.580 CET" Interest="36.0" Kind="propagation" Navigation="null" OriginId="org.eclipse.mylyn.resources.ui.interest.updater" StartDate="2011-11-21 10:21:20.457 CET" StructureHandle="/multiLanguageClasses" StructureKind="resource" NumEvents="36" CreationCount="700"/><InteractionEvent Delta="null" EndDate="2011-11-21 10:38:29.389 CET" Interest="56.0" Kind="propagation" Navigation="org.eclipse.mylyn.core.model.edges.containment" OriginId="org.eclipse.mylyn.core.model.interest.propagation" StartDate="2011-11-21 10:32:46.950 CET" StructureHandle="/measurementGenerator/src/ch" StructureKind="resource" NumEvents="56" CreationCount="897"/><InteractionEvent Delta="null" EndDate="2011-11-21 10:26:40.502 CET" Interest="8.0" Kind="edit" Navigation="null" OriginId="org.eclipse.jdt.ui.CompilationUnitEditor" StartDate="2011-11-21 10:26:11.172 CET" StructureHandle="=testSerialization/src&amp;lt;ch.ethz.ruediste.roofline.test.serialization{SerializationTest.java[SerializationTest~setup" StructureKind="java" NumEvents="8" CreationCount="778"/><InteractionEvent Delta="null" EndDate="2011-11-21 10:26:10.172 CET" Interest="1.0" Kind="selection" Navigation="null" OriginId="org.eclipse.jdt.ui.CompilationUnitEditor" StartDate="2011-11-21 10:26:10.172 CET" StructureHandle="=testSerialization/src&amp;lt;ch.ethz.ruediste.roofline.test.serialization{SerializationTest.java[SerializationTest~setup" StructureKind="java"/><InteractionEvent Delta="null" EndDate="2011-11-21 10:38:29.388 CET" Interest="56.0" Kind="propagation" Navigation="org.eclipse.mylyn.core.model.edges.containment" OriginId="org.eclipse.mylyn.core.model.interest.propagation" StartDate="2011-11-21 10:32:46.950 CET" StructureHandle="/measurementGenerator/src/ch/ethz/ruediste/roofline/measurementGenerator" StructureKind="resource" NumEvents="56" CreationCount="897"/><InteractionEvent Delta="null" EndDate="2011-11-21 10:28:30.558 CET" Interest="5.0" Kind="edit" Navigation="null" OriginId="org.eclipse.cdt.ui.editor.CEditor" StartDate="2011-11-21 10:27:02.128 CET" StructureHandle="/measuringCore/src/generatedC/MultiLanguageTestClass.h" StructureKind="resource" NumEvents="5" CreationCount="796"/><InteractionEvent Delta="null" EndDate="2011-11-21 10:28:30.494 CET" Interest="4.0" Kind="selection" Navigation="null" OriginId="org.eclipse.cdt.ui.editor.CEditor" StartDate="2011-11-21 10:27:02.61 CET" StructureHandle="/measuringCore/src/generatedC/MultiLanguageTestClass.h" StructureKind="resource" NumEvents="4" CreationCount="796"/><InteractionEvent Delta="null" EndDate="2011-11-21 10:28:46.405 CET" Interest="16.234" Kind="propagation" Navigation="org.eclipse.mylyn.core.model.edges.containment" OriginId="org.eclipse.mylyn.core.model.interest.propagation" StartDate="2011-11-21 10:22:12.549 CET" StructureHandle="=multiLanguageCodeGenerator/src&amp;lt;ch.ethz.ruediste.roofline.multiLanguageCodeGenerator{Main.java" StructureKind="java" NumEvents="26" CreationCount="718"/><InteractionEvent Delta="null" EndDate="2011-11-21 10:38:40.58 CET" Interest="13.0" Kind="selection" Navigation="null" OriginId="org.eclipse.jdt.ui.CompilationUnitEditor" StartDate="2011-11-21 10:22:11.651 CET" StructureHandle="=multiLanguageCodeGenerator/src&amp;lt;ch.ethz.ruediste.roofline.multiLanguageCodeGenerator{Main.java" StructureKind="java" NumEvents="13" CreationCount="718"/><InteractionEvent Delta="null" EndDate="2011-11-21 10:38:40.170 CET" Interest="51.0" Kind="propagation" Navigation="org.eclipse.mylyn.core.model.edges.containment" OriginId="org.eclipse.mylyn.core.model.interest.propagation" StartDate="2011-11-21 10:22:11.652 CET" StructureHandle="/multiLanguageCodeGenerator/src" StructureKind="resource" NumEvents="51" CreationCount="718"/><InteractionEvent Delta="null" EndDate="2011-11-21 10:46:13.280 CET" Interest="5.0" Kind="prediction" Navigation="null" OriginId="org.eclipse.mylyn.resources.ui.interest.updater" StartDate="2011-11-21 10:08:36.147 CET" StructureHandle="/measuringCore/Debug/objects.mk" StructureKind="resource" NumEvents="5" CreationCount="605"/><InteractionEvent Delta="null" EndDate="2011-11-21 09:00:44.783 CET" Interest="112.90001" Kind="propagation" Navigation="org.eclipse.mylyn.core.model.edges.containment" OriginId="org.eclipse.mylyn.core.model.interest.propagation" StartDate="2011-11-21 08:42:47.706 CET" StructureHandle="/measuringCore/src/kernels" StructureKind="resource" NumEvents="154" CreationCount="162"/><InteractionEvent Delta="null" EndDate="2011-11-21 10:32:25.853 CET" Interest="4.0" Kind="edit" Navigation="null" OriginId="org.eclipse.cdt.ui.editor.CEditor" StartDate="2011-11-21 10:29:05.565 CET" StructureHandle="/measuringCore/src/generatedC/MultiLanguageSerializationService.cpp" StructureKind="resource" NumEvents="4" CreationCount="832"/><InteractionEvent Delta="null" EndDate="2011-11-21 10:32:37.498 CET" Interest="3.0" Kind="selection" Navigation="null" OriginId="org.eclipse.jdt.ui.PackageExplorer" StartDate="2011-11-21 10:29:05.503 CET" StructureHandle="/measuringCore/src/generatedC/MultiLanguageSerializationService.cpp" StructureKind="resource" NumEvents="3" CreationCount="832"/><InteractionEvent Delta="null" EndDate="2011-11-21 10:39:16.365 CET" Interest="6.0" Kind="propagation" Navigation="null" OriginId="org.eclipse.mylyn.resources.ui.interest.updater" StartDate="2011-11-21 10:09:00.645 CET" StructureHandle="/measuringCore/Debug/src/generatedC/MultiLanguageSerializationService.o" StructureKind="resource" NumEvents="6" CreationCount="605"/><InteractionEvent Delta="null" EndDate="2011-11-21 10:39:20.638 CET" Interest="2.0" Kind="prediction" Navigation="null" OriginId="org.eclipse.mylyn.resources.ui.interest.updater" StartDate="2011-11-21 10:39:04.458 CET" StructureHandle="/measuringCore/Debug/src/generatedC/MultiLanguageSerializationService.o" StructureKind="resource" NumEvents="2" CreationCount="605"/><InteractionEvent Delta="null" EndDate="2011-11-21 09:54:54.531 CET" Interest="3.0" Kind="edit" Navigation="null" OriginId="org.eclipse.cdt.ui.editor.CEditor" StartDate="2011-11-21 09:33:16.773 CET" StructureHandle="/measuringCore/src/generatedC/MeasurementDescription.h" StructureKind="resource" NumEvents="3" CreationCount="565"/><InteractionEvent Delta="null" EndDate="2011-11-21 09:33:16.715 CET" Interest="1.0" Kind="selection" Navigation="null" OriginId="org.eclipse.cdt.ui.editor.CEditor" StartDate="2011-11-21 09:33:16.715 CET" StructureHandle="/measuringCore/src/generatedC/MeasurementDescription.h" StructureKind="resource"/><InteractionEvent Delta="null" EndDate="2011-11-21 10:51:24.959 CET" Interest="11.0" Kind="prediction" Navigation="null" OriginId="org.eclipse.mylyn.resources.ui.interest.updater" StartDate="2011-11-21 08:53:37.575 CET" StructureHandle="/measuringCore/Debug/output" StructureKind="resource" NumEvents="11" CreationCount="374"/><InteractionEvent Delta="null" EndDate="2011-11-21 10:36:23.943 CET" Interest="22.0" Kind="propagation" Navigation="null" OriginId="org.eclipse.jdt.ui.CompilationUnitEditor" StartDate="2011-11-21 10:34:49.271 CET" StructureHandle="/sharedDOM/src/ch/ethz/ruediste/roofline/sharedDOM/MeasurementCollection.java" StructureKind="resource" NumEvents="22" CreationCount="941"/><InteractionEvent Delta="null" EndDate="2011-11-21 10:46:13.280 CET" Interest="18.0" Kind="prediction" Navigation="null" OriginId="org.eclipse.mylyn.resources.ui.interest.updater" StartDate="2011-11-21 08:28:03.209 CET" StructureHandle="/measuringCore/Debug/sources.mk" StructureKind="resource" NumEvents="18" CreationCount="23"/><InteractionEvent Delta="null" EndDate="2011-11-21 10:38:40.58 CET" Interest="29.234" Kind="propagation" Navigation="org.eclipse.mylyn.core.model.edges.containment" OriginId="org.eclipse.mylyn.core.model.interest.propagation" StartDate="2011-11-21 10:22:11.652 CET" StructureHandle="=multiLanguageCodeGenerator/src&amp;lt;ch.ethz.ruediste.roofline.multiLanguageCodeGenerator" StructureKind="java" NumEvents="39" CreationCount="718"/><InteractionEvent Delta="null" EndDate="2011-11-21 10:28:32.136 CET" Interest="7.838001" Kind="propagation" Navigation="org.eclipse.mylyn.core.model.edges.containment" OriginId="org.eclipse.mylyn.core.model.interest.propagation" StartDate="2011-11-21 10:26:04.91 CET" StructureHandle="=testSerialization/src" StructureKind="java" NumEvents="14" CreationCount="773"/><InteractionEvent Delta="null" EndDate="2011-11-21 10:36:23.944 CET" Interest="22.0" Kind="propagation" Navigation="org.eclipse.mylyn.core.model.edges.containment" OriginId="org.eclipse.mylyn.core.model.interest.propagation" StartDate="2011-11-21 10:34:49.272 CET" StructureHandle="/sharedDOM/src/ch" StructureKind="resource" NumEvents="22" CreationCount="941"/><InteractionEvent Delta="null" EndDate="2011-11-21 10:38:29.388 CET" Interest="56.0" Kind="propagation" Navigation="org.eclipse.mylyn.core.model.edges.containment" OriginId="org.eclipse.mylyn.core.model.interest.propagation" StartDate="2011-11-21 10:32:46.950 CET" StructureHandle="/measurementGenerator/src/ch/ethz/ruediste" StructureKind="resource" NumEvents="56" CreationCount="897"/><InteractionEvent Delta="null" EndDate="2011-11-21 10:36:23.518 CET" Interest="29.0" Kind="propagation" Navigation="null" OriginId="org.eclipse.jdt.ui.CompilationUnitEditor" StartDate="2011-11-21 10:19:51.823 CET" StructureHandle="/sharedDOM/generatedJava" StructureKind="resource" NumEvents="29" CreationCount="666"/><InteractionEvent Delta="null" EndDate="2011-11-21 10:38:29.389 CET" Interest="37.734" Kind="propagation" Navigation="org.eclipse.mylyn.core.model.edges.containment" OriginId="org.eclipse.mylyn.core.model.interest.propagation" StartDate="2011-11-21 10:32:46.950 CET" StructureHandle="=measurementGenerator/src&amp;lt;ch.ethz.ruediste.roofline.measurementGenerator" StructureKind="java" NumEvents="53" CreationCount="897"/><InteractionEvent Delta="null" EndDate="2011-11-21 10:38:40.170 CET" Interest="51.0" Kind="propagation" Navigation="org.eclipse.mylyn.core.model.edges.containment" OriginId="org.eclipse.mylyn.core.model.interest.propagation" StartDate="2011-11-21 10:22:11.651 CET" StructureHandle="/multiLanguageCodeGenerator/src/ch/ethz/ruediste/roofline/multiLanguageCodeGenerator" StructureKind="resource" NumEvents="51" CreationCount="718"/><InteractionEvent Delta="null" EndDate="2011-11-21 08:42:07.308 CET" Interest="1.0" Kind="propagation" Navigation="null" OriginId="org.eclipse.mylyn.resources.ui.interest.updater" StartDate="2011-11-21 08:42:07.308 CET" StructureHandle="/measurementDriver/measurementResults.xml" StructureKind="resource"/><InteractionEvent Delta="null" EndDate="2011-11-21 10:51:24.959 CET" Interest="13.0" Kind="prediction" Navigation="null" OriginId="org.eclipse.mylyn.resources.ui.interest.updater" StartDate="2011-11-21 08:46:30.788 CET" StructureHandle="/measurementDriver/measurementResults.xml" StructureKind="resource" NumEvents="13" CreationCount="156"/><InteractionEvent Delta="null" EndDate="2011-11-21 10:49:51.368 CET" Interest="104.0" Kind="propagation" Navigation="null" OriginId="org.eclipse.jdt.ui.CompilationUnitEditor" StartDate="2011-11-21 10:18:09.551 CET" StructureHandle="/measurementDriver/src/ch/ethz/ruediste/roofline/measurementDriver/Main.java" StructureKind="resource" NumEvents="104" CreationCount="627"/><InteractionEvent Delta="null" EndDate="2011-11-21 10:49:51.274 CET" Interest="69.43399" Kind="propagation" Navigation="org.eclipse.mylyn.core.model.edges.containment" OriginId="org.eclipse.mylyn.core.model.interest.propagation" StartDate="2011-11-21 10:18:09.552 CET" StructureHandle="=measurementDriver/src" StructureKind="java" NumEvents="94" CreationCount="627"/><InteractionEvent Delta="null" EndDate="2011-11-21 10:49:37.146 CET" Interest="7.0" Kind="edit" Navigation="null" OriginId="org.eclipse.ui.DefaultTextEditor" StartDate="2011-11-21 10:17:55.350 CET" StructureHandle="/measuringCore/makefile.init" StructureKind="resource" NumEvents="7" CreationCount="606"/><InteractionEvent Delta="null" EndDate="2011-11-21 10:13:36.124 CET" Interest="1.0" Kind="propagation" Navigation="null" OriginId="org.eclipse.mylyn.resources.ui.interest.updater" StartDate="2011-11-21 10:13:36.124 CET" StructureHandle="/measuringCore/makefile.init" StructureKind="resource"/><InteractionEvent Delta="null" EndDate="2011-11-21 10:49:37.111 CET" Interest="13.0" Kind="selection" Navigation="null" OriginId="org.eclipse.ui.DefaultTextEditor" StartDate="2011-11-21 10:17:55.323 CET" StructureHandle="/measuringCore/makefile.init" StructureKind="resource" NumEvents="13" CreationCount="606"/><InteractionEvent Delta="null" EndDate="2011-11-21 10:36:21.624 CET" Interest="11.398001" Kind="propagation" Navigation="org.eclipse.mylyn.core.model.edges.containment" OriginId="org.eclipse.mylyn.core.model.interest.propagation" StartDate="2011-11-21 10:19:51.823 CET" StructureHandle="=sharedDOM/generatedJava&amp;lt;ch.ethz.ruediste.roofline.sharedDOM" StructureKind="java" NumEvents="16" CreationCount="666"/><InteractionEvent Delta="null" EndDate="2011-11-21 10:35:58.215 CET" Interest="4.4" Kind="propagation" Navigation="org.eclipse.mylyn.core.model.edges.containment" OriginId="org.eclipse.mylyn.core.model.interest.propagation" StartDate="2011-11-21 10:35:27.704 CET" StructureHandle="=sharedDOM/generatedJava&amp;lt;ch.ethz.ruediste.roofline.sharedDOM{MeasurementDescription.java[MeasurementDescription" StructureKind="java" NumEvents="5" CreationCount="960"/><InteractionEvent Delta="null" EndDate="2011-11-21 10:36:21.624 CET" Interest="2.0" Kind="selection" Navigation="null" OriginId="org.eclipse.ui.views.ContentOutline" StartDate="2011-11-21 10:36:16.163 CET" StructureHandle="=sharedDOM/generatedJava&amp;lt;ch.ethz.ruediste.roofline.sharedDOM{MeasurementDescription.java[MeasurementDescription" StructureKind="java" NumEvents="2" CreationCount="960"/><InteractionEvent Delta="null" EndDate="2011-11-21 10:49:51.368 CET" Interest="104.0" Kind="propagation" Navigation="org.eclipse.mylyn.core.model.edges.containment" OriginId="org.eclipse.mylyn.core.model.interest.propagation" StartDate="2011-11-21 10:18:09.551 CET" StructureHandle="/measurementDriver/src/ch/ethz/ruediste/roofline/measurementDriver" StructureKind="resource" NumEvents="104" CreationCount="627"/><InteractionEvent Delta="null" EndDate="2011-11-21 10:36:23.871 CET" Interest="9.419" Kind="propagation" Navigation="org.eclipse.mylyn.core.model.edges.containment" OriginId="org.eclipse.mylyn.core.model.interest.propagation" StartDate="2011-11-21 10:34:49.272 CET" StructureHandle="=sharedDOM/src&amp;lt;ch.ethz.ruediste.roofline.sharedDOM" StructureKind="java" NumEvents="15" CreationCount="941"/><InteractionEvent Delta="null" EndDate="2011-11-21 10:32:22.242 CET" Interest="9.0" Kind="edit" Navigation="null" OriginId="org.eclipse.ui.DefaultTextEditor" StartDate="2011-11-21 10:27:41.823 CET" StructureHandle="/multiLanguageCodeGenerator/templates/cTemplate.vm" StructureKind="resource" NumEvents="9" CreationCount="800"/><InteractionEvent Delta="null" EndDate="2011-11-21 10:32:22.227 CET" Interest="9.0" Kind="selection" Navigation="null" OriginId="org.eclipse.ui.DefaultTextEditor" StartDate="2011-11-21 10:27:41.777 CET" StructureHandle="/multiLanguageCodeGenerator/templates/cTemplate.vm" StructureKind="resource" NumEvents="9" CreationCount="800"/><InteractionEvent Delta="null" EndDate="2011-11-21 10:41:30.230 CET" Interest="6.0" Kind="propagation" Navigation="null" OriginId="org.eclipse.mylyn.resources.ui.interest.updater" StartDate="2011-11-21 10:09:00.645 CET" StructureHandle="/measuringCore/Debug/src/utils.o" StructureKind="resource" NumEvents="6" CreationCount="605"/><InteractionEvent Delta="null" EndDate="2011-11-21 10:40:29.606 CET" Interest="2.0" Kind="prediction" Navigation="null" OriginId="org.eclipse.mylyn.resources.ui.interest.updater" StartDate="2011-11-21 10:39:26.228 CET" StructureHandle="/measuringCore/Debug/src/utils.o" StructureKind="resource" NumEvents="2" CreationCount="605"/><InteractionEvent Delta="null" EndDate="2011-11-21 10:35:52.999 CET" Interest="29.0" Kind="edit" Navigation="null" OriginId="org.eclipse.jdt.ui.CompilationUnitEditor" StartDate="2011-11-21 10:22:33.788 CET" StructureHandle="=multiLanguageCodeGenerator/src&amp;lt;ch.ethz.ruediste.roofline.multiLanguageCodeGenerator{Main.java[Main~createTypeDescriptorsForPrimitiveTypes" StructureKind="java" NumEvents="29" CreationCount="720"/><InteractionEvent Delta="null" EndDate="2011-11-21 10:38:40.169 CET" Interest="8.0" Kind="selection" Navigation="null" OriginId="org.eclipse.jdt.ui.CompilationUnitEditor" StartDate="2011-11-21 10:22:31.583 CET" StructureHandle="=multiLanguageCodeGenerator/src&amp;lt;ch.ethz.ruediste.roofline.multiLanguageCodeGenerator{Main.java[Main~createTypeDescriptorsForPrimitiveTypes" StructureKind="java" NumEvents="8" CreationCount="720"/><InteractionEvent Delta="null" EndDate="2011-11-21 10:32:03.994 CET" Interest="36.197" Kind="propagation" Navigation="org.eclipse.mylyn.core.model.edges.containment" OriginId="org.eclipse.mylyn.core.model.interest.propagation" StartDate="2011-11-21 10:27:41.777 CET" StructureHandle="=multiLanguageCodeGenerator/templates" StructureKind="java" NumEvents="49" CreationCount="800"/><InteractionEvent Delta="null" EndDate="2011-11-21 10:38:40.170 CET" Interest="51.0" Kind="propagation" Navigation="org.eclipse.mylyn.core.model.edges.containment" OriginId="org.eclipse.mylyn.core.model.interest.propagation" StartDate="2011-11-21 10:22:11.652 CET" StructureHandle="/multiLanguageCodeGenerator/src/ch" StructureKind="resource" NumEvents="51" CreationCount="718"/><InteractionEvent Delta="null" EndDate="2011-11-21 10:39:16.365 CET" Interest="1.0" Kind="propagation" Navigation="null" OriginId="org.eclipse.mylyn.resources.ui.interest.updater" StartDate="2011-11-21 10:39:16.365 CET" StructureHandle="/measuringCore/Debug/src/main.d" StructureKind="resource"/><InteractionEvent Delta="null" EndDate="2011-11-21 10:46:22.742 CET" Interest="17.0" Kind="prediction" Navigation="null" OriginId="org.eclipse.mylyn.resources.ui.interest.updater" StartDate="2011-11-21 08:28:05.814 CET" StructureHandle="/measuringCore/Debug/src/main.d" StructureKind="resource" NumEvents="17" CreationCount="23"/><InteractionEvent Delta="null" EndDate="2011-11-21 10:46:13.280 CET" Interest="18.0" Kind="prediction" Navigation="null" OriginId="org.eclipse.mylyn.resources.ui.interest.updater" StartDate="2011-11-21 08:28:03.209 CET" StructureHandle="/measuringCore/Debug/src/generatedC/subdir.mk" StructureKind="resource" NumEvents="18" CreationCount="23"/><InteractionEvent Delta="null" EndDate="2011-11-21 10:40:56.978 CET" Interest="15.0" Kind="propagation" Navigation="null" OriginId="org.eclipse.mylyn.resources.ui.interest.updater" StartDate="2011-11-21 08:41:22.629 CET" StructureHandle="/measuringCore/Debug/measuringCore" StructureKind="resource" NumEvents="15" CreationCount="156"/><InteractionEvent Delta="null" EndDate="2011-11-21 10:38:29.389 CET" Interest="56.0" Kind="propagation" Navigation="org.eclipse.mylyn.core.model.edges.containment" OriginId="org.eclipse.mylyn.core.model.interest.propagation" StartDate="2011-11-21 10:32:46.950 CET" StructureHandle="=measurementGenerator" StructureKind="resource" NumEvents="56" CreationCount="897"/><InteractionEvent Delta="null" EndDate="2011-11-21 10:45:39.519 CET" Interest="1.0" Kind="selection" Navigation="null" OriginId="org.eclipse.jdt.ui.PackageExplorer" StartDate="2011-11-21 10:45:39.519 CET" StructureHandle="=measurementGenerator" StructureKind="java"/><InteractionEvent Delta="null" EndDate="2011-11-21 10:24:14.334 CET" Interest="0.19000006" Kind="manipulation" Navigation="null" OriginId="org.eclipse.mylyn.core.model.interest.decay.correction" StartDate="2011-11-21 10:24:14.334 CET" StructureHandle="=sharedDOM/generatedJava" StructureKind="java"/><InteractionEvent Delta="null" EndDate="2011-11-21 10:36:23.518 CET" Interest="10.208" Kind="propagation" Navigation="org.eclipse.mylyn.core.model.edges.containment" OriginId="org.eclipse.mylyn.core.model.interest.propagation" StartDate="2011-11-21 10:19:51.824 CET" StructureHandle="=sharedDOM/generatedJava" StructureKind="java" NumEvents="22" CreationCount="666"/><InteractionEvent Delta="null" EndDate="2011-11-21 10:24:14.334 CET" Interest="1.0" Kind="selection" Navigation="null" OriginId="org.eclipse.jdt.ui.PackageExplorer" StartDate="2011-11-21 10:24:14.334 CET" StructureHandle="=sharedDOM/generatedJava" StructureKind="java"/><InteractionEvent Delta="null" EndDate="2011-11-21 09:58:36.228 CET" Interest="138.0" Kind="edit" Navigation="null" OriginId="org.eclipse.cdt.ui.editor.CEditor" StartDate="2011-11-21 08:20:55.613 CET" StructureHandle="/measuringCore/src/baseClasses/MeasurementSchemeBase.h" StructureKind="resource" NumEvents="138" CreationCount="1"/><InteractionEvent Delta="null" EndDate="2011-11-21 09:58:36.49 CET" Interest="20.0" Kind="selection" Navigation="null" OriginId="org.eclipse.cdt.ui.editor.CEditor" StartDate="2011-11-21 08:20:55.547 CET" StructureHandle="/measuringCore/src/baseClasses/MeasurementSchemeBase.h" StructureKind="resource" NumEvents="20" CreationCount="1"/><InteractionEvent Delta="null" EndDate="2011-11-21 10:39:04.459 CET" Interest="14.0" Kind="prediction" Navigation="null" OriginId="org.eclipse.mylyn.resources.ui.interest.updater" StartDate="2011-11-21 08:46:16.493 CET" StructureHandle="/measuringCore/Debug/src/kernels/MemoryLoadKernel.d" StructureKind="resource" NumEvents="14" CreationCount="251"/><InteractionEvent Delta="null" EndDate="2011-11-21 10:49:51.368 CET" Interest="69.43399" Kind="propagation" Navigation="org.eclipse.mylyn.core.model.edges.containment" OriginId="org.eclipse.mylyn.core.model.interest.propagation" StartDate="2011-11-21 10:18:09.552 CET" StructureHandle="=measurementDriver/src&amp;lt;ch.ethz.ruediste.roofline.measurementDriver" StructureKind="java" NumEvents="97" CreationCount="627"/><InteractionEvent Delta="null" EndDate="2011-11-21 10:35:02.787 CET" Interest="5.0" Kind="edit" Navigation="null" OriginId="org.eclipse.jdt.ui.CompilationUnitEditor" StartDate="2011-11-21 10:34:52.908 CET" StructureHandle="=sharedDOM/src&amp;lt;ch.ethz.ruediste.roofline.sharedDOM{MeasurementCollection.java[MeasurementCollection~addDescription~QMeasurementDescription;" StructureKind="java" NumEvents="5" CreationCount="942"/><InteractionEvent Delta="null" EndDate="2011-11-21 10:34:50.126 CET" Interest="1.0" Kind="selection" Navigation="null" OriginId="org.eclipse.jdt.ui.CompilationUnitEditor" StartDate="2011-11-21 10:34:50.126 CET" StructureHandle="=sharedDOM/src&amp;lt;ch.ethz.ruediste.roofline.sharedDOM{MeasurementCollection.java[MeasurementCollection~addDescription~QMeasurementDescription;" StructureKind="java"/><InteractionEvent Delta="null" EndDate="2011-11-21 10:28:32.135 CET" Interest="22.0" Kind="propagation" Navigation="org.eclipse.mylyn.core.model.edges.containment" OriginId="org.eclipse.mylyn.core.model.interest.propagation" StartDate="2011-11-21 10:26:06.673 CET" StructureHandle="/testSerialization/src/ch/ethz/ruediste" StructureKind="resource" NumEvents="22" CreationCount="776"/><InteractionEvent Delta="null" EndDate="2011-11-21 09:19:55.116 CET" Interest="1.0" Kind="propagation" Navigation="null" OriginId="org.eclipse.mylyn.resources.ui.interest.updater" StartDate="2011-11-21 09:19:55.116 CET" StructureHandle="/measuringCore/Debug/asm" StructureKind="resource"/><InteractionEvent Delta="null" EndDate="2011-11-21 09:20:43.492 CET" Interest="8.0" Kind="selection" Navigation="null" OriginId="org.eclipse.ui.DefaultTextEditor" StartDate="2011-11-21 09:20:00.398 CET" StructureHandle="/measuringCore/Debug/asm" StructureKind="resource" NumEvents="8" CreationCount="546"/><InteractionEvent Delta="null" EndDate="2011-11-21 09:27:17.506 CET" Interest="104.0" Kind="edit" Navigation="null" OriginId="org.eclipse.cdt.ui.editor.CEditor" StartDate="2011-11-21 08:33:59.310 CET" StructureHandle="/measuringCore/src/measurementSchemes/KBestMeasurementScheme.h" StructureKind="resource" NumEvents="104" CreationCount="48"/><InteractionEvent Delta="null" EndDate="2011-11-21 09:26:44.793 CET" Interest="21.0" Kind="selection" Navigation="null" OriginId="org.eclipse.cdt.ui.editor.CEditor" StartDate="2011-11-21 08:33:59.252 CET" StructureHandle="/measuringCore/src/measurementSchemes/KBestMeasurementScheme.h" StructureKind="resource" NumEvents="21" CreationCount="48"/><InteractionEvent Delta="null" EndDate="2011-11-21 10:36:23.944 CET" Interest="22.0" Kind="propagation" Navigation="org.eclipse.mylyn.core.model.edges.containment" OriginId="org.eclipse.mylyn.core.model.interest.propagation" StartDate="2011-11-21 10:34:49.272 CET" StructureHandle="/sharedDOM/src/ch/ethz" StructureKind="resource" NumEvents="22" CreationCount="941"/><InteractionEvent Delta="null" EndDate="2011-11-21 10:35:57.580 CET" Interest="1.0" Kind="propagation" Navigation="org.eclipse.mylyn.core.model.edges.containment" OriginId="org.eclipse.mylyn.core.model.interest.propagation" StartDate="2011-11-21 10:35:57.580 CET" StructureHandle="/multiLanguageClasses/generatedJava" StructureKind="resource"/><InteractionEvent Delta="null" EndDate="2011-11-21 10:39:20.638 CET" Interest="8.0" Kind="prediction" Navigation="null" OriginId="org.eclipse.mylyn.resources.ui.interest.updater" StartDate="2011-11-21 10:09:00.643 CET" StructureHandle="/measuringCore/Debug/src/generatedC/MultiLanguageSerializationService.d" StructureKind="resource" NumEvents="8" CreationCount="605"/><InteractionEvent Delta="null" EndDate="2011-11-21 10:25:00.174 CET" Interest="3.0" Kind="edit" Navigation="null" OriginId="org.eclipse.jdt.ui.CompilationUnitEditor" StartDate="2011-11-21 10:24:51.871 CET" StructureHandle="=sharedDOM/generatedJava&amp;lt;ch.ethz.ruediste.roofline.sharedDOM{MultiLanguageSerializationService.java[MultiLanguageSerializationService~DeSerializeImp~QScanner;" StructureKind="java" NumEvents="3" CreationCount="747"/><InteractionEvent Delta="null" EndDate="2011-11-21 10:24:50.59 CET" Interest="1.0" Kind="selection" Navigation="null" OriginId="org.eclipse.jdt.ui.CompilationUnitEditor" StartDate="2011-11-21 10:24:50.59 CET" StructureHandle="=sharedDOM/generatedJava&amp;lt;ch.ethz.ruediste.roofline.sharedDOM{MultiLanguageSerializationService.java[MultiLanguageSerializationService~DeSerializeImp~QScanner;" StructureKind="java"/><InteractionEvent Delta="null" EndDate="2011-11-21 09:00:03.942 CET" Interest="34.0" Kind="edit" Navigation="null" OriginId="org.eclipse.cdt.ui.editor.CEditor" StartDate="2011-11-21 08:44:08.767 CET" StructureHandle="/measuringCore/src/kernels/MemoryLoadKernel.cpp" StructureKind="resource" NumEvents="34" CreationCount="193"/><InteractionEvent Delta="null" EndDate="2011-11-21 09:00:03.867 CET" Interest="14.0" Kind="selection" Navigation="null" OriginId="org.eclipse.cdt.ui.editor.CEditor" StartDate="2011-11-21 08:44:08.708 CET" StructureHandle="/measuringCore/src/kernels/MemoryLoadKernel.cpp" StructureKind="resource" NumEvents="14" CreationCount="193"/><InteractionEvent Delta="null" EndDate="2011-11-21 10:36:21.740 CET" Interest="2.4170005" Kind="propagation" Navigation="org.eclipse.mylyn.core.model.edges.containment" OriginId="org.eclipse.mylyn.core.model.interest.propagation" StartDate="2011-11-21 10:35:27.704 CET" StructureHandle="=sharedDOM/generatedJava&amp;lt;ch.ethz.ruediste.roofline.sharedDOM{MeasurementDescription.java" StructureKind="java" NumEvents="5" CreationCount="959"/><InteractionEvent Delta="null" EndDate="2011-11-21 10:36:15.121 CET" Interest="4.0" Kind="selection" Navigation="null" OriginId="org.eclipse.jdt.ui.CompilationUnitEditor" StartDate="2011-11-21 10:35:27.37 CET" StructureHandle="=sharedDOM/generatedJava&amp;lt;ch.ethz.ruediste.roofline.sharedDOM{MeasurementDescription.java" StructureKind="java" NumEvents="4" CreationCount="959"/><InteractionEvent Delta="null" EndDate="2011-11-21 10:26:04.525 CET" Interest="1.0" Kind="propagation" Navigation="org.eclipse.mylyn.core.model.edges.containment" OriginId="org.eclipse.mylyn.core.model.interest.propagation" StartDate="2011-11-21 10:26:04.525 CET" StructureHandle="=testSerialization/src&amp;lt;{AllTests.java#" StructureKind="java"/><InteractionEvent Delta="null" EndDate="2011-11-21 10:28:32.135 CET" Interest="22.0" Kind="propagation" Navigation="org.eclipse.mylyn.core.model.edges.containment" OriginId="org.eclipse.mylyn.core.model.interest.propagation" StartDate="2011-11-21 10:26:06.673 CET" StructureHandle="/testSerialization/src/ch/ethz/ruediste/roofline/test/serialization" StructureKind="resource" NumEvents="22" CreationCount="776"/><InteractionEvent Delta="null" EndDate="2011-11-21 10:49:51.368 CET" Interest="104.0" Kind="propagation" Navigation="org.eclipse.mylyn.core.model.edges.containment" OriginId="org.eclipse.mylyn.core.model.interest.propagation" StartDate="2011-11-21 10:18:09.552 CET" StructureHandle="/measurementDriver/src" StructureKind="resource" NumEvents="104" CreationCount="627"/><InteractionEvent Delta="null" EndDate="2011-11-21 10:28:32.136 CET" Interest="25.0" Kind="propagation" Navigation="org.eclipse.mylyn.core.model.edges.containment" OriginId="org.eclipse.mylyn.core.model.interest.propagation" StartDate="2011-11-21 10:26:04.91 CET" StructureHandle="=testSerialization" StructureKind="resource" NumEvents="25" CreationCount="773"/><InteractionEvent Delta="null" EndDate="2011-11-21 10:49:51.368 CET" Interest="67.8" Kind="propagation" Navigation="org.eclipse.mylyn.core.model.edges.containment" OriginId="org.eclipse.mylyn.core.model.interest.propagation" StartDate="2011-11-21 10:18:17.725 CET" StructureHandle="=measurementDriver/src&amp;lt;ch.ethz.ruediste.roofline.measurementDriver{Main.java[Main" StructureKind="java" NumEvents="93" CreationCount="629"/><InteractionEvent Delta="null" EndDate="2011-11-21 09:20:28.285 CET" Interest="34.747" Kind="propagation" Navigation="org.eclipse.mylyn.core.model.edges.containment" OriginId="org.eclipse.mylyn.core.model.interest.propagation" StartDate="2011-11-21 08:28:03.211 CET" StructureHandle="/measuringCore/Debug" StructureKind="resource" NumEvents="47" CreationCount="23"/><InteractionEvent Delta="null" EndDate="2011-11-21 10:35:57.580 CET" Interest="1.0" Kind="propagation" Navigation="org.eclipse.mylyn.core.model.edges.containment" OriginId="org.eclipse.mylyn.core.model.interest.propagation" StartDate="2011-11-21 10:35:57.580 CET" StructureHandle="=multiLanguageClasses/generatedJava\/ch\/ethz\/ruediste\/roofline\/sharedDOM" StructureKind="java"/><InteractionEvent Delta="null" EndDate="2011-11-21 10:36:23.517 CET" Interest="28.0" Kind="propagation" Navigation="org.eclipse.mylyn.core.model.edges.containment" OriginId="org.eclipse.mylyn.core.model.interest.propagation" StartDate="2011-11-21 10:19:51.823 CET" StructureHandle="/sharedDOM/generatedJava/ch/ethz/ruediste/roofline" StructureKind="resource" NumEvents="28" CreationCount="666"/><InteractionEvent Delta="null" EndDate="2011-11-21 08:57:22.39 CET" Interest="14.0" Kind="edit" Navigation="null" OriginId="org.eclipse.cdt.ui.editor.CEditor" StartDate="2011-11-21 08:48:46.522 CET" StructureHandle="/measuringCore/src/baseClasses/KernelBase.h" StructureKind="resource" NumEvents="14" CreationCount="273"/><InteractionEvent Delta="null" EndDate="2011-11-21 08:57:21.987 CET" Interest="4.0" Kind="selection" Navigation="null" OriginId="org.eclipse.cdt.ui.editor.CEditor" StartDate="2011-11-21 08:48:46.449 CET" StructureHandle="/measuringCore/src/baseClasses/KernelBase.h" StructureKind="resource" NumEvents="4" CreationCount="273"/><InteractionEvent Delta="null" EndDate="2011-11-21 10:46:22.743 CET" Interest="16.0" Kind="propagation" Navigation="null" OriginId="org.eclipse.mylyn.resources.ui.interest.updater" StartDate="2011-11-21 08:28:05.817 CET" StructureHandle="/measuringCore/Debug/src/main.o" StructureKind="resource" NumEvents="16" CreationCount="23"/><InteractionEvent Delta="null" EndDate="2011-11-21 10:40:29.605 CET" Interest="2.0" Kind="prediction" Navigation="null" OriginId="org.eclipse.mylyn.resources.ui.interest.updater" StartDate="2011-11-21 10:39:26.227 CET" StructureHandle="/measuringCore/Debug/src/main.o" StructureKind="resource" NumEvents="2" CreationCount="23"/><InteractionEvent Delta="null" EndDate="2011-11-21 10:38:40.170 CET" Interest="51.0" Kind="propagation" Navigation="org.eclipse.mylyn.core.model.edges.containment" OriginId="org.eclipse.mylyn.core.model.interest.propagation" StartDate="2011-11-21 10:22:11.652 CET" StructureHandle="/multiLanguageCodeGenerator/src/ch/ethz" StructureKind="resource" NumEvents="51" CreationCount="718"/><InteractionEvent Delta="null" EndDate="2011-11-21 09:00:44.783 CET" Interest="137.0" Kind="edit" Navigation="null" OriginId="org.eclipse.cdt.ui.editor.CEditor" StartDate="2011-11-21 08:42:47.761 CET" StructureHandle="/measuringCore/src/kernels/MemoryLoadKernel.h" StructureKind="resource" NumEvents="137" CreationCount="162"/><InteractionEvent Delta="null" EndDate="2011-11-21 09:00:44.730 CET" Interest="17.0" Kind="selection" Navigation="null" OriginId="org.eclipse.cdt.ui.editor.CEditor" StartDate="2011-11-21 08:42:47.705 CET" StructureHandle="/measuringCore/src/kernels/MemoryLoadKernel.h" StructureKind="resource" NumEvents="17" CreationCount="162"/><InteractionEvent Delta="null" EndDate="2011-11-21 10:28:32.135 CET" Interest="22.0" Kind="propagation" Navigation="null" OriginId="org.eclipse.jdt.ui.CompilationUnitEditor" StartDate="2011-11-21 10:26:06.673 CET" StructureHandle="/testSerialization/src/ch/ethz/ruediste/roofline/test/serialization/SerializationTest.java" StructureKind="resource" NumEvents="22" CreationCount="776"/><InteractionEvent Delta="null" EndDate="2011-11-21 10:35:21.711 CET" Interest="6.4189997" Kind="propagation" Navigation="org.eclipse.mylyn.core.model.edges.containment" OriginId="org.eclipse.mylyn.core.model.interest.propagation" StartDate="2011-11-21 10:34:50.126 CET" StructureHandle="=sharedDOM/src&amp;lt;ch.ethz.ruediste.roofline.sharedDOM{MeasurementCollection.java" StructureKind="java" NumEvents="12" CreationCount="941"/><InteractionEvent Delta="null" EndDate="2011-11-21 10:36:23.871 CET" Interest="3.0" Kind="selection" Navigation="null" OriginId="org.eclipse.jdt.ui.CompilationUnitEditor" StartDate="2011-11-21 10:34:49.271 CET" StructureHandle="=sharedDOM/src&amp;lt;ch.ethz.ruediste.roofline.sharedDOM{MeasurementCollection.java" StructureKind="java" NumEvents="3" CreationCount="941"/><InteractionEvent Delta="null" EndDate="2011-11-21 10:26:04.439 CET" Interest="2.0" Kind="selection" Navigation="null" OriginId="org.eclipse.jdt.ui.CompilationUnitEditor" StartDate="2011-11-21 10:26:04.90 CET" StructureHandle="=testSerialization/src&amp;lt;{AllTests.java" StructureKind="java" NumEvents="2" CreationCount="773"/><InteractionEvent Delta="null" EndDate="2011-11-21 10:38:29.389 CET" Interest="34.734" Kind="propagation" Navigation="org.eclipse.mylyn.core.model.edges.containment" OriginId="org.eclipse.mylyn.core.model.interest.propagation" StartDate="2011-11-21 10:33:13.480 CET" StructureHandle="=measurementGenerator/src&amp;lt;ch.ethz.ruediste.roofline.measurementGenerator{Main.java" StructureKind="java" NumEvents="50" CreationCount="897"/><InteractionEvent Delta="null" EndDate="2011-11-21 10:37:13.294 CET" Interest="3.0" Kind="selection" Navigation="null" OriginId="org.eclipse.jdt.ui.CompilationUnitEditor" StartDate="2011-11-21 10:32:46.949 CET" StructureHandle="=measurementGenerator/src&amp;lt;ch.ethz.ruediste.roofline.measurementGenerator{Main.java" StructureKind="java" NumEvents="3" CreationCount="897"/><InteractionEvent Delta="null" EndDate="2011-11-21 10:28:30.558 CET" Interest="11.427" Kind="propagation" Navigation="org.eclipse.mylyn.core.model.edges.containment" OriginId="org.eclipse.mylyn.core.model.interest.propagation" StartDate="2011-11-21 09:33:16.715 CET" StructureHandle="/measuringCore/src/generatedC" StructureKind="resource" NumEvents="13" CreationCount="565"/><InteractionEvent Delta="null" EndDate="2011-11-21 10:26:04.439 CET" Interest="2.0" Kind="propagation" Navigation="org.eclipse.mylyn.core.model.edges.containment" OriginId="org.eclipse.mylyn.core.model.interest.propagation" StartDate="2011-11-21 10:26:04.91 CET" StructureHandle="=testSerialization/src&amp;lt;" StructureKind="java" NumEvents="2" CreationCount="773"/><InteractionEvent Delta="null" EndDate="2011-11-21 10:49:51.368 CET" Interest="84.0" Kind="edit" Navigation="null" OriginId="org.eclipse.jdt.ui.CompilationUnitEditor" StartDate="2011-11-21 10:18:25.91 CET" StructureHandle="=measurementDriver/src&amp;lt;ch.ethz.ruediste.roofline.measurementDriver{Main.java[Main~main~\[QString;" StructureKind="java" NumEvents="84" CreationCount="629"/><InteractionEvent Delta="null" EndDate="2011-11-21 10:49:34.506 CET" Interest="9.0" Kind="selection" Navigation="null" OriginId="org.eclipse.jdt.ui.CompilationUnitEditor" StartDate="2011-11-21 10:18:17.725 CET" StructureHandle="=measurementDriver/src&amp;lt;ch.ethz.ruediste.roofline.measurementDriver{Main.java[Main~main~\[QString;" StructureKind="java" NumEvents="9" CreationCount="629"/></InteractionHistory>