<?xml version="1.0" encoding="UTF-8"?><InteractionHistory Id="local-8" Version="1"><InteractionEvent Delta="null" EndDate="2011-11-21 12:21:58.194 CET" Interest="1.0" Kind="propagation" Navigation="org.eclipse.mylyn.core.model.edges.containment" OriginId="org.eclipse.mylyn.core.model.interest.propagation" StartDate="2011-11-21 12:21:58.194 CET" StructureHandle="" StructureKind="java"/><InteractionEvent Delta="null" EndDate="2011-11-21 12:21:58.194 CET" Interest="1.0" Kind="propagation" Navigation="org.eclipse.mylyn.core.model.edges.containment" OriginId="org.eclipse.mylyn.core.model.interest.propagation" StartDate="2011-11-21 12:21:58.194 CET" StructureHandle="=measuringCore" StructureKind="java"/><InteractionEvent Delta="null" EndDate="2011-11-21 12:08:41.339 CET" Interest="1.0" Kind="selection" Navigation="null" OriginId="org.eclipse.jdt.ui.PackageExplorer" StartDate="2011-11-21 12:08:41.339 CET" StructureHandle="=outputProcessor/\/home\/ruedi\/git\/masterthesis\/tool\/lib\/commons-math-2.2.zip" StructureKind="java"/><InteractionEvent Delta="null" EndDate="2011-11-21 12:24:42.929 CET" Interest="251.0" Kind="propagation" Navigation="org.eclipse.mylyn.core.model.edges.containment" OriginId="org.eclipse.mylyn.core.model.interest.propagation" StartDate="2011-11-21 12:07:10.841 CET" StructureHandle="/outputProcessor/src/ch/ethz/ruediste" StructureKind="resource" NumEvents="251" CreationCount="1"/><InteractionEvent Delta="null" EndDate="2011-11-21 12:21:58.194 CET" Interest="1.0" Kind="propagation" Navigation="null" OriginId="org.eclipse.mylyn.resources.ui.interest.updater" StartDate="2011-11-21 12:21:58.194 CET" StructureHandle="/measuringCore" StructureKind="resource"/><InteractionEvent Delta="null" EndDate="2011-11-21 12:24:42.929 CET" Interest="251.0" Kind="propagation" Navigation="null" OriginId="org.eclipse.jdt.ui.CompilationUnitEditor" StartDate="2011-11-21 12:07:10.841 CET" StructureHandle="/outputProcessor/src/ch/ethz/ruediste/roofline/outputProcessor/Main.java" StructureKind="resource" NumEvents="251" CreationCount="1"/><InteractionEvent Delta="null" EndDate="2011-11-21 12:24:42.929 CET" Interest="250.0" Kind="propagation" Navigation="org.eclipse.mylyn.core.model.edges.containment" OriginId="org.eclipse.mylyn.core.model.interest.propagation" StartDate="2011-11-21 12:07:10.841 CET" StructureHandle="=outputProcessor" StructureKind="resource" NumEvents="252" CreationCount="1"/><InteractionEvent Delta="null" EndDate="2011-11-21 12:08:54.330 CET" Interest="1.0" Kind="selection" Navigation="null" OriginId="org.eclipse.jdt.ui.PackageExplorer" StartDate="2011-11-21 12:08:54.330 CET" StructureHandle="=outputProcessor" StructureKind="java"/><InteractionEvent Delta="null" EndDate="2011-11-21 12:24:42.929 CET" Interest="251.0" Kind="propagation" Navigation="org.eclipse.mylyn.core.model.edges.containment" OriginId="org.eclipse.mylyn.core.model.interest.propagation" StartDate="2011-11-21 12:07:10.841 CET" StructureHandle="/outputProcessor/src/ch" StructureKind="resource" NumEvents="251" CreationCount="1"/><InteractionEvent Delta="null" EndDate="2011-11-21 12:24:42.929 CET" Interest="170.9" Kind="propagation" Navigation="org.eclipse.mylyn.core.model.edges.containment" OriginId="org.eclipse.mylyn.core.model.interest.propagation" StartDate="2011-11-21 12:07:17.250 CET" StructureHandle="=outputProcessor/src&amp;lt;ch.ethz.ruediste.roofline.outputProcessor{Main.java[Main" StructureKind="java" NumEvents="242" CreationCount="10"/><InteractionEvent Delta="null" EndDate="2011-11-21 12:11:36.581 CET" Interest="1.0" Kind="selection" Navigation="null" OriginId="org.eclipse.jdt.ui.CompilationUnitEditor" StartDate="2011-11-21 12:11:36.581 CET" StructureHandle="=outputProcessor/src&amp;lt;ch.ethz.ruediste.roofline.outputProcessor{Main.java[Main" StructureKind="java"/><InteractionEvent Delta="null" EndDate="2011-11-21 12:19:50.654 CET" Interest="0.01700002" Kind="propagation" Navigation="org.eclipse.mylyn.core.model.edges.containment" OriginId="org.eclipse.mylyn.core.model.interest.propagation" StartDate="2011-11-21 12:19:50.654 CET" StructureHandle="=outputProcessor/\/home\/ruedi\/git\/masterthesis\/tool\/lib\/commons-math-2.2.jar&amp;lt;org.apache.commons.math.stat.descriptive(DescriptiveStatistics.class" StructureKind="java"/><InteractionEvent Delta="null" EndDate="2011-11-21 12:19:49.949 CET" Interest="1.0" Kind="selection" Navigation="null" OriginId="org.eclipse.jdt.ui.ClassFileEditor" StartDate="2011-11-21 12:19:49.949 CET" StructureHandle="=outputProcessor/\/home\/ruedi\/git\/masterthesis\/tool\/lib\/commons-math-2.2.jar&amp;lt;org.apache.commons.math.stat.descriptive(DescriptiveStatistics.class" StructureKind="java"/><InteractionEvent Delta="null" EndDate="2011-11-21 12:11:43.623 CET" Interest="1.0" Kind="edit" Navigation="null" OriginId="org.eclipse.jdt.ui.ClassFileEditor" StartDate="2011-11-21 12:11:43.623 CET" StructureHandle="=outputProcessor/\/home\/ruedi\/git\/masterthesis\/tool\/lib\/commons-math-2.2.jar&amp;lt;org.apache.commons.math.stat.descriptive.rank(Percentile.class" StructureKind="java"/><InteractionEvent Delta="null" EndDate="2011-11-21 12:11:37.698 CET" Interest="2.0" Kind="selection" Navigation="null" OriginId="org.eclipse.jdt.ui.ClassFileEditor" StartDate="2011-11-21 12:10:19.879 CET" StructureHandle="=outputProcessor/\/home\/ruedi\/git\/masterthesis\/tool\/lib\/commons-math-2.2.jar&amp;lt;org.apache.commons.math.stat.descriptive.rank(Percentile.class" StructureKind="java" NumEvents="2" CreationCount="37"/><InteractionEvent Delta="null" EndDate="2011-11-21 12:24:42.929 CET" Interest="251.0" Kind="propagation" Navigation="org.eclipse.mylyn.core.model.edges.containment" OriginId="org.eclipse.mylyn.core.model.interest.propagation" StartDate="2011-11-21 12:07:10.841 CET" StructureHandle="/outputProcessor/src" StructureKind="resource" NumEvents="251" CreationCount="1"/><InteractionEvent Delta="null" EndDate="2011-11-21 12:24:42.929 CET" Interest="251.0" Kind="propagation" Navigation="org.eclipse.mylyn.core.model.edges.containment" OriginId="org.eclipse.mylyn.core.model.interest.propagation" StartDate="2011-11-21 12:07:10.841 CET" StructureHandle="/outputProcessor/src/ch/ethz" StructureKind="resource" NumEvents="251" CreationCount="1"/><InteractionEvent Delta="null" EndDate="2011-11-21 12:24:42.929 CET" Interest="251.0" Kind="propagation" Navigation="org.eclipse.mylyn.core.model.edges.containment" OriginId="org.eclipse.mylyn.core.model.interest.propagation" StartDate="2011-11-21 12:07:10.841 CET" StructureHandle="/outputProcessor/src/ch/ethz/ruediste/roofline" StructureKind="resource" NumEvents="251" CreationCount="1"/><InteractionEvent Delta="null" EndDate="2011-11-21 12:21:58.194 CET" Interest="1.0" Kind="propagation" Navigation="null" OriginId="org.eclipse.mylyn.resources.ui.interest.updater" StartDate="2011-11-21 12:21:58.194 CET" StructureHandle="/measuringCore/Debug/output" StructureKind="resource"/><InteractionEvent Delta="null" EndDate="2011-11-21 12:19:50.655 CET" Interest="1.017" Kind="propagation" Navigation="org.eclipse.mylyn.core.model.edges.containment" OriginId="org.eclipse.mylyn.core.model.interest.propagation" StartDate="2011-11-21 12:19:49.949 CET" StructureHandle="=outputProcessor/\/home\/ruedi\/git\/masterthesis\/tool\/lib\/commons-math-2.2.jar&amp;lt;org.apache.commons.math.stat.descriptive" StructureKind="java" NumEvents="2" CreationCount="173"/><InteractionEvent Delta="null" EndDate="2011-11-21 12:24:42.930 CET" Interest="165.053" Kind="propagation" Navigation="org.eclipse.mylyn.core.model.edges.containment" OriginId="org.eclipse.mylyn.core.model.interest.propagation" StartDate="2011-11-21 12:08:19.440 CET" StructureHandle="=outputProcessor/src&amp;lt;ch.ethz.ruediste.roofline.outputProcessor{Main.java" StructureKind="java" NumEvents="235" CreationCount="1"/><InteractionEvent Delta="null" EndDate="2011-11-21 12:20:23.902 CET" Interest="7.0" Kind="selection" Navigation="null" OriginId="org.eclipse.jdt.ui.CompilationUnitEditor" StartDate="2011-11-21 12:07:10.840 CET" StructureHandle="=outputProcessor/src&amp;lt;ch.ethz.ruediste.roofline.outputProcessor{Main.java" StructureKind="java" NumEvents="7" CreationCount="1"/><InteractionEvent Delta="null" EndDate="2011-11-21 12:24:42.929 CET" Interest="251.0" Kind="propagation" Navigation="org.eclipse.mylyn.core.model.edges.containment" OriginId="org.eclipse.mylyn.core.model.interest.propagation" StartDate="2011-11-21 12:07:10.841 CET" StructureHandle="/" StructureKind="resource" NumEvents="253" CreationCount="1"/><InteractionEvent Delta="null" EndDate="2011-11-21 12:07:12.790 CET" Interest="1.0" Kind="edit" Navigation="null" OriginId="org.eclipse.wst.xml.ui.internal.tabletree.XMLMultiPageEditorPart" StartDate="2011-11-21 12:07:12.790 CET" StructureHandle="/outputProcessor/measurementResults.xml" StructureKind="resource"/><InteractionEvent Delta="null" EndDate="2011-11-21 12:07:13.6 CET" Interest="4.0" Kind="selection" Navigation="null" OriginId="org.eclipse.jdt.ui.PackageExplorer" StartDate="2011-11-21 12:07:12.504 CET" StructureHandle="/outputProcessor/measurementResults.xml" StructureKind="resource" NumEvents="4" CreationCount="3"/><InteractionEvent Delta="null" EndDate="2011-11-21 12:21:58.194 CET" Interest="1.0" Kind="propagation" Navigation="org.eclipse.mylyn.core.model.edges.containment" OriginId="org.eclipse.mylyn.core.model.interest.propagation" StartDate="2011-11-21 12:21:58.194 CET" StructureHandle="/measuringCore/Debug" StructureKind="resource"/><InteractionEvent Delta="null" EndDate="2011-11-21 12:24:42.929 CET" Interest="251.0" Kind="propagation" Navigation="org.eclipse.mylyn.core.model.edges.containment" OriginId="org.eclipse.mylyn.core.model.interest.propagation" StartDate="2011-11-21 12:07:10.841 CET" StructureHandle="/outputProcessor/src/ch/ethz/ruediste/roofline/outputProcessor" StructureKind="resource" NumEvents="251" CreationCount="1"/><InteractionEvent Delta="null" EndDate="2011-11-21 12:11:43.623 CET" Interest="2.7000003" Kind="propagation" Navigation="org.eclipse.mylyn.core.model.edges.containment" OriginId="org.eclipse.mylyn.core.model.interest.propagation" StartDate="2011-11-21 12:10:19.879 CET" StructureHandle="=outputProcessor/\/home\/ruedi\/git\/masterthesis\/tool\/lib\/commons-math-2.2.jar&amp;lt;org.apache.commons.math.stat.descriptive.rank" StructureKind="java" NumEvents="3" CreationCount="37"/><InteractionEvent Delta="null" EndDate="2011-11-21 12:24:42.930 CET" Interest="172.053" Kind="propagation" Navigation="org.eclipse.mylyn.core.model.edges.containment" OriginId="org.eclipse.mylyn.core.model.interest.propagation" StartDate="2011-11-21 12:07:10.842 CET" StructureHandle="=outputProcessor/src" StructureKind="java" NumEvents="243" CreationCount="1"/><InteractionEvent Delta="null" EndDate="2011-11-21 12:24:42.930 CET" Interest="172.053" Kind="propagation" Navigation="org.eclipse.mylyn.core.model.edges.containment" OriginId="org.eclipse.mylyn.core.model.interest.propagation" StartDate="2011-11-21 12:07:10.841 CET" StructureHandle="=outputProcessor/src&amp;lt;ch.ethz.ruediste.roofline.outputProcessor" StructureKind="java" NumEvents="243" CreationCount="1"/><InteractionEvent Delta="null" EndDate="2011-11-21 12:19:50.654 CET" Interest="1.0" Kind="selection" Navigation="null" OriginId="org.eclipse.jdt.ui.ClassFileEditor" StartDate="2011-11-21 12:19:50.654 CET" StructureHandle="=outputProcessor/\/home\/ruedi\/git\/masterthesis\/tool\/lib\/commons-math-2.2.jar&amp;lt;org.apache.commons.math.stat.descriptive(DescriptiveStatistics.class[DescriptiveStatistics" StructureKind="java"/><InteractionEvent Delta="null" EndDate="2011-11-21 12:19:50.655 CET" Interest="3.3290002" Kind="propagation" Navigation="org.eclipse.mylyn.core.model.edges.containment" OriginId="org.eclipse.mylyn.core.model.interest.propagation" StartDate="2011-11-21 12:10:19.879 CET" StructureHandle="=outputProcessor/\/home\/ruedi\/git\/masterthesis\/tool\/lib\/commons-math-2.2.jar" StructureKind="java" NumEvents="5" CreationCount="37"/><InteractionEvent Delta="null" EndDate="2011-11-21 12:24:42.928 CET" Interest="237.0" Kind="edit" Navigation="null" OriginId="org.eclipse.jdt.ui.CompilationUnitEditor" StartDate="2011-11-21 12:08:13.367 CET" StructureHandle="=outputProcessor/src&amp;lt;ch.ethz.ruediste.roofline.outputProcessor{Main.java[Main~main~\[QString;" StructureKind="java" NumEvents="237" CreationCount="10"/><InteractionEvent Delta="null" EndDate="2011-11-21 12:20:23.958 CET" Interest="6.0" Kind="selection" Navigation="null" OriginId="org.eclipse.jdt.ui.CompilationUnitEditor" StartDate="2011-11-21 12:07:17.250 CET" StructureHandle="=outputProcessor/src&amp;lt;ch.ethz.ruediste.roofline.outputProcessor{Main.java[Main~main~\[QString;" StructureKind="java" NumEvents="6" CreationCount="10"/></InteractionHistory>