<?xml version="1.0" encoding="UTF-8" standalone="no"?><TaskList Version="2.0"><Task Active="false" ConnectorKind="local" CreationDate="2011-11-15 11:17:05.593 +0100" DueDate="" EndDate="" Estimated="6" Handle="local-6" IssueURL="" Kind="task" Label="Implement MeasuringCore" LastModified="now" MarkReadPending="false" ModificationDate="" Notes="" NotifiedIncoming="true" Owner="local" Priority="P3" Reminded="false" RepositoryUrl="local" ScheduledEndDate="2011-11-19 23:59:59.999 +0100" ScheduledStartDate="2011-11-13 00:00:00.0 +0100" Stale="false" TaskId="6" offlineSyncState="SYNCHRONIZED"><SubTask Handle="local-7"/></Task><Task Active="true" ConnectorKind="local" CreationDate="2011-11-16 18:57:14.467 +0100" DueDate="" EndDate="" Estimated="2" Handle="local-7" Kind="task" Label="templating measurement scheme" LastModified="now" MarkReadPending="false" ModificationDate="" Notes="" NotifiedIncoming="true" Owner="local" Priority="P3" Reminded="false" RepositoryUrl="local" ScheduledEndDate="2011-11-19 23:59:59.999 +0100" ScheduledStartDate="2011-11-13 00:00:00.0 +0100" Stale="false" TaskId="7" offlineSyncState="SYNCHRONIZED"/><Task Active="false" ConnectorKind="local" CreationDate="2011-11-11 10:34:57.219 +0100" DueDate="" EndDate="" Estimated="2" Handle="local-4" IssueURL="" Kind="task" Label="Implement Serialization" LastModified="now" MarkReadPending="false" ModificationDate="" Notes="" NotifiedIncoming="true" Owner="local" Priority="P3" Reminded="false" RepositoryUrl="local" ScheduledEndDate="2011-11-12 23:59:59.999 +0100" ScheduledStartDate="2011-11-06 00:00:00.0 +0100" Stale="false" TaskId="4" offlineSyncState="SYNCHRONIZED"/><Task Active="false" ConnectorKind="local" CreationDate="2011-11-11 10:34:41.931 +0100" DueDate="" EndDate="" Estimated="2" Handle="local-3" IssueURL="" Kind="task" Label="Implement MeasurementDriver" LastModified="now" MarkReadPending="false" ModificationDate="" Notes="" NotifiedIncoming="true" Owner="local" Priority="P3" Reminded="false" RepositoryUrl="local" ScheduledEndDate="2011-11-12 23:59:59.999 +0100" ScheduledStartDate="2011-11-06 00:00:00.0 +0100" Stale="false" TaskId="3" offlineSyncState="SYNCHRONIZED"/><Task Active="false" ConnectorKind="local" CreationDate="2011-11-11 10:34:28.101 +0100" DueDate="" EndDate="" Estimated="2" Handle="local-2" IssueURL="" Kind="task" Label="Design Serialization" LastModified="now" MarkReadPending="false" ModificationDate="" Notes="" NotifiedIncoming="true" Owner="local" Priority="P3" Reminded="false" RepositoryUrl="local" ScheduledEndDate="2011-11-12 23:59:59.999 +0100" ScheduledStartDate="2011-11-06 00:00:00.0 +0100" Stale="false" TaskId="2" offlineSyncState="SYNCHRONIZED"/><Task Active="false" ConnectorKind="local" CreationDate="2011-11-11 10:29:36.275 +0100" DueDate="" EndDate="" Estimated="1" Handle="local-1" IssueURL="" Kind="task" Label="Design MeasurementDriver" LastModified="now" MarkReadPending="false" ModificationDate="" Notes="" NotifiedIncoming="true" Owner="local" Priority="P3" Reminded="false" RepositoryUrl="local" ScheduledEndDate="2011-11-12 23:59:59.999 +0100" ScheduledStartDate="2011-11-06 00:00:00.0 +0100" Stale="false" TaskId="1" offlineSyncState="SYNCHRONIZED"/><Task Active="false" ConnectorKind="local" CreationDate="2011-11-14 15:40:33.953 +0100" DueDate="" EndDate="" Estimated="2" Handle="local-5" IssueURL="" Kind="task" Label="Documentation Multi Language Framework" LastModified="now" MarkReadPending="false" ModificationDate="" Notes="" NotifiedIncoming="true" Owner="local" Priority="P3" Reminded="false" RepositoryUrl="local" ScheduledEndDate="2011-11-19 23:59:59.999 +0100" ScheduledStartDate="2011-11-13 00:00:00.0 +0100" Stale="false" TaskId="5" offlineSyncState="SYNCHRONIZED"/><TaskCategory Handle="handle-3" Name="Documentation"><TaskReference Handle="local-5"/></TaskCategory><TaskCategory Handle="handle-1" Name="Design"><TaskReference Handle="local-1"/><TaskReference Handle="local-2"/></TaskCategory><TaskCategory Handle="handle-2" Name="Implementation"><TaskReference Handle="local-3"/><TaskReference Handle="local-4"/><TaskReference Handle="local-6"/></TaskCategory><TaskCategory Handle="Uncategorized" Name="Uncategorized"/></TaskList>