<?xml version="1.0" encoding="UTF-8"?><InteractionHistory Id="activity" Version="1"><InteractionEvent Delta="added" EndDate="2011-11-11 10:35:04.690 CET" Interest="1.0" Kind="attention" Navigation="" OriginId="org.eclipse.ui.workbench" StartDate="2011-11-11 10:28:34.134 CET" StructureHandle="none" StructureKind="workingset"/><InteractionEvent Delta="activated" EndDate="2011-11-11 10:35:34.396 CET" Interest="1.0" Kind="command" Navigation="" OriginId="org.eclipse.ui.workbench" StartDate="2011-11-11 10:35:34.396 CET" StructureHandle="local-1" StructureKind="activation"/><InteractionEvent Delta="added" EndDate="2011-11-11 10:35:34.740 CET" Interest="1.0" Kind="attention" Navigation="" OriginId="org.eclipse.ui.workbench" StartDate="2011-11-11 10:35:04.690 CET" StructureHandle="local-1" StructureKind="timing"/><InteractionEvent Delta="deactivated" EndDate="2011-11-11 10:35:36.931 CET" Interest="1.0" Kind="command" Navigation="" OriginId="org.eclipse.ui.workbench" StartDate="2011-11-11 10:35:36.931 CET" StructureHandle="local-1" StructureKind="activation"/><InteractionEvent Delta="added" EndDate="2011-11-11 10:37:34.894 CET" Interest="1.0" Kind="attention" Navigation="" OriginId="org.eclipse.ui.workbench" StartDate="2011-11-11 10:35:34.740 CET" StructureHandle="none" StructureKind="workingset"/><InteractionEvent Delta="activated" EndDate="2011-11-11 10:37:44.484 CET" Interest="1.0" Kind="command" Navigation="" OriginId="org.eclipse.ui.workbench" StartDate="2011-11-11 10:37:44.484 CET" StructureHandle="local-1" StructureKind="activation"/><InteractionEvent Delta="deactivated" EndDate="2011-11-11 10:37:45.517 CET" Interest="1.0" Kind="command" Navigation="" OriginId="org.eclipse.ui.workbench" StartDate="2011-11-11 10:37:45.517 CET" StructureHandle="local-1" StructureKind="activation"/><InteractionEvent Delta="activated" EndDate="2011-11-11 10:37:52.249 CET" Interest="1.0" Kind="command" Navigation="" OriginId="org.eclipse.ui.workbench" StartDate="2011-11-11 10:37:52.249 CET" StructureHandle="local-2" StructureKind="activation"/><InteractionEvent Delta="added" EndDate="2011-11-11 10:54:06.35 CET" Interest="1.0" Kind="attention" Navigation="" OriginId="org.eclipse.ui.workbench" StartDate="2011-11-11 10:37:34.894 CET" StructureHandle="local-2" StructureKind="timing"/><InteractionEvent Delta="deactivated" EndDate="2011-11-11 10:54:31.607 CET" Interest="1.0" Kind="command" Navigation="" OriginId="org.eclipse.ui.workbench" StartDate="2011-11-11 10:54:31.607 CET" StructureHandle="local-2" StructureKind="activation"/><InteractionEvent Delta="activated" EndDate="2011-11-11 10:54:31.607 CET" Interest="1.0" Kind="command" Navigation="" OriginId="org.eclipse.ui.workbench" StartDate="2011-11-11 10:54:31.607 CET" StructureHandle="local-4" StructureKind="activation"/><InteractionEvent Delta="added" EndDate="2011-11-11 10:59:36.392 CET" Interest="1.0" Kind="attention" Navigation="" OriginId="org.eclipse.ui.workbench" StartDate="2011-11-11 10:54:06.35 CET" StructureHandle="local-4" StructureKind="timing"/><InteractionEvent Delta="added" EndDate="2011-11-11 11:00:06.442 CET" Interest="1.0" Kind="attention" Navigation="" OriginId="org.eclipse.ui.workbench" StartDate="2011-11-11 10:59:36.392 CET" StructureHandle="local-4" StructureKind="timing"/><InteractionEvent Delta="added" EndDate="2011-11-11 11:58:39.738 CET" Interest="1.0" Kind="attention" Navigation="" OriginId="org.eclipse.ui.workbench" StartDate="2011-11-11 11:00:06.442 CET" StructureHandle="local-4" StructureKind="timing"/><InteractionEvent Delta="deactivated" EndDate="2011-11-11 11:58:48.46 CET" Interest="1.0" Kind="command" Navigation="" OriginId="org.eclipse.ui.workbench" StartDate="2011-11-11 11:58:48.46 CET" StructureHandle="local-4" StructureKind="activation"/><InteractionEvent Delta="activated" EndDate="2011-11-11 11:58:48.411 CET" Interest="1.0" Kind="command" Navigation="" OriginId="org.eclipse.ui.workbench" StartDate="2011-11-11 11:58:48.411 CET" StructureHandle="local-4" StructureKind="activation"/><InteractionEvent Delta="deactivated" EndDate="2011-11-11 11:58:50.967 CET" Interest="1.0" Kind="command" Navigation="" OriginId="org.eclipse.ui.workbench" StartDate="2011-11-11 11:58:50.967 CET" StructureHandle="local-4" StructureKind="activation"/><InteractionEvent Delta="added" EndDate="2011-11-11 11:59:09.786 CET" Interest="1.0" Kind="attention" Navigation="" OriginId="org.eclipse.ui.workbench" StartDate="2011-11-11 11:58:39.738 CET" StructureHandle="none" StructureKind="workingset"/><InteractionEvent Delta="added" EndDate="2011-11-11 12:39:17.656 CET" Interest="1.0" Kind="attention" Navigation="" OriginId="org.eclipse.ui.workbench" StartDate="2011-11-11 12:01:14.578 CET" StructureHandle="none" StructureKind="workingset"/><InteractionEvent Delta="activated" EndDate="2011-11-11 13:07:01.553 CET" Interest="1.0" Kind="command" Navigation="" OriginId="org.eclipse.ui.workbench" StartDate="2011-11-11 13:07:01.553 CET" StructureHandle="local-4" StructureKind="activation"/><InteractionEvent Delta="added" EndDate="2011-11-11 13:25:17.580 CET" Interest="1.0" Kind="attention" Navigation="" OriginId="org.eclipse.ui.workbench" StartDate="2011-11-11 13:06:46.90 CET" StructureHandle="local-4" StructureKind="timing"/><InteractionEvent Delta="activated" EndDate="2011-11-11 13:26:29.885 CET" Interest="1.0" Kind="command" Navigation="" OriginId="org.eclipse.ui.workbench" StartDate="2011-11-11 13:26:29.885 CET" StructureHandle="local-4" StructureKind="activation"/><InteractionEvent Delta="added" EndDate="2011-11-11 13:59:32.205 CET" Interest="1.0" Kind="attention" Navigation="" OriginId="org.eclipse.ui.workbench" StartDate="2011-11-11 13:26:30.368 CET" StructureHandle="local-4" StructureKind="timing"/><InteractionEvent Delta="added" EndDate="2011-11-11 14:00:02.255 CET" Interest="1.0" Kind="attention" Navigation="" OriginId="org.eclipse.ui.workbench" StartDate="2011-11-11 13:59:32.205 CET" StructureHandle="local-4" StructureKind="timing"/><InteractionEvent Delta="added" EndDate="2011-11-11 14:11:32.846 CET" Interest="1.0" Kind="attention" Navigation="" OriginId="org.eclipse.ui.workbench" StartDate="2011-11-11 14:00:02.255 CET" StructureHandle="local-4" StructureKind="timing"/><InteractionEvent Delta="activated" EndDate="2011-11-11 14:12:36.12 CET" Interest="1.0" Kind="command" Navigation="" OriginId="org.eclipse.ui.workbench" StartDate="2011-11-11 14:12:36.12 CET" StructureHandle="local-4" StructureKind="activation"/><InteractionEvent Delta="added" EndDate="2011-11-11 14:59:34.776 CET" Interest="1.0" Kind="attention" Navigation="" OriginId="org.eclipse.ui.workbench" StartDate="2011-11-11 14:12:32.334 CET" StructureHandle="local-4" StructureKind="timing"/><InteractionEvent Delta="added" EndDate="2011-11-11 15:00:04.826 CET" Interest="1.0" Kind="attention" Navigation="" OriginId="org.eclipse.ui.workbench" StartDate="2011-11-11 14:59:34.776 CET" StructureHandle="local-4" StructureKind="timing"/><InteractionEvent Delta="added" EndDate="2011-11-11 15:59:07.383 CET" Interest="1.0" Kind="attention" Navigation="" OriginId="org.eclipse.ui.workbench" StartDate="2011-11-11 15:00:04.826 CET" StructureHandle="local-4" StructureKind="timing"/><InteractionEvent Delta="added" EndDate="2011-11-11 15:59:37.394 CET" Interest="1.0" Kind="attention" Navigation="" OriginId="org.eclipse.ui.workbench" StartDate="2011-11-11 15:59:07.383 CET" StructureHandle="local-4" StructureKind="timing"/><InteractionEvent Delta="added" EndDate="2011-11-11 16:00:07.444 CET" Interest="1.0" Kind="attention" Navigation="" OriginId="org.eclipse.ui.workbench" StartDate="2011-11-11 15:59:37.394 CET" StructureHandle="local-4" StructureKind="timing"/><InteractionEvent Delta="added" EndDate="2011-11-11 16:59:10.295 CET" Interest="1.0" Kind="attention" Navigation="" OriginId="org.eclipse.ui.workbench" StartDate="2011-11-11 16:00:07.444 CET" StructureHandle="local-4" StructureKind="timing"/><InteractionEvent Delta="added" EndDate="2011-11-11 16:59:40.296 CET" Interest="1.0" Kind="attention" Navigation="" OriginId="org.eclipse.ui.workbench" StartDate="2011-11-11 16:59:10.295 CET" StructureHandle="local-4" StructureKind="timing"/><InteractionEvent Delta="added" EndDate="2011-11-11 17:00:10.346 CET" Interest="1.0" Kind="attention" Navigation="" OriginId="org.eclipse.ui.workbench" StartDate="2011-11-11 16:59:40.296 CET" StructureHandle="local-4" StructureKind="timing"/><InteractionEvent Delta="added" EndDate="2011-11-11 17:25:11.372 CET" Interest="1.0" Kind="attention" Navigation="" OriginId="org.eclipse.ui.workbench" StartDate="2011-11-11 17:00:10.346 CET" StructureHandle="local-4" StructureKind="timing"/><InteractionEvent Delta="activated" EndDate="2011-11-11 17:25:57.105 CET" Interest="1.0" Kind="command" Navigation="" OriginId="org.eclipse.ui.workbench" StartDate="2011-11-11 17:25:57.105 CET" StructureHandle="local-4" StructureKind="activation"/><InteractionEvent Delta="added" EndDate="2011-11-11 17:59:02.580 CET" Interest="1.0" Kind="attention" Navigation="" OriginId="org.eclipse.ui.workbench" StartDate="2011-11-11 17:26:00.991 CET" StructureHandle="local-4" StructureKind="timing"/><InteractionEvent Delta="added" EndDate="2011-11-11 17:59:32.609 CET" Interest="1.0" Kind="attention" Navigation="" OriginId="org.eclipse.ui.workbench" StartDate="2011-11-11 17:59:02.580 CET" StructureHandle="local-4" StructureKind="timing"/><InteractionEvent Delta="added" EndDate="2011-11-11 18:00:02.610 CET" Interest="1.0" Kind="attention" Navigation="" OriginId="org.eclipse.ui.workbench" StartDate="2011-11-11 17:59:32.609 CET" StructureHandle="local-4" StructureKind="timing"/><InteractionEvent Delta="added" EndDate="2011-11-11 18:58:05.914 CET" Interest="1.0" Kind="attention" Navigation="" OriginId="org.eclipse.ui.workbench" StartDate="2011-11-11 18:00:02.610 CET" StructureHandle="local-4" StructureKind="timing"/></InteractionHistory>