<?xml version="1.0" encoding="UTF-8"?><InteractionHistory Id="activity" Version="1"><InteractionEvent Delta="added" EndDate="2011-11-11 10:35:04.690 CET" Interest="1.0" Kind="attention" Navigation="" OriginId="org.eclipse.ui.workbench" StartDate="2011-11-11 10:28:34.134 CET" StructureHandle="none" StructureKind="workingset"/><InteractionEvent Delta="activated" EndDate="2011-11-11 10:35:34.396 CET" Interest="1.0" Kind="command" Navigation="" OriginId="org.eclipse.ui.workbench" StartDate="2011-11-11 10:35:34.396 CET" StructureHandle="local-1" StructureKind="activation"/><InteractionEvent Delta="added" EndDate="2011-11-11 10:35:34.740 CET" Interest="1.0" Kind="attention" Navigation="" OriginId="org.eclipse.ui.workbench" StartDate="2011-11-11 10:35:04.690 CET" StructureHandle="local-1" StructureKind="timing"/><InteractionEvent Delta="deactivated" EndDate="2011-11-11 10:35:36.931 CET" Interest="1.0" Kind="command" Navigation="" OriginId="org.eclipse.ui.workbench" StartDate="2011-11-11 10:35:36.931 CET" StructureHandle="local-1" StructureKind="activation"/><InteractionEvent Delta="added" EndDate="2011-11-11 10:37:34.894 CET" Interest="1.0" Kind="attention" Navigation="" OriginId="org.eclipse.ui.workbench" StartDate="2011-11-11 10:35:34.740 CET" StructureHandle="none" StructureKind="workingset"/><InteractionEvent Delta="activated" EndDate="2011-11-11 10:37:44.484 CET" Interest="1.0" Kind="command" Navigation="" OriginId="org.eclipse.ui.workbench" StartDate="2011-11-11 10:37:44.484 CET" StructureHandle="local-1" StructureKind="activation"/><InteractionEvent Delta="deactivated" EndDate="2011-11-11 10:37:45.517 CET" Interest="1.0" Kind="command" Navigation="" OriginId="org.eclipse.ui.workbench" StartDate="2011-11-11 10:37:45.517 CET" StructureHandle="local-1" StructureKind="activation"/><InteractionEvent Delta="activated" EndDate="2011-11-11 10:37:52.249 CET" Interest="1.0" Kind="command" Navigation="" OriginId="org.eclipse.ui.workbench" StartDate="2011-11-11 10:37:52.249 CET" StructureHandle="local-2" StructureKind="activation"/><InteractionEvent Delta="added" EndDate="2011-11-11 10:54:06.35 CET" Interest="1.0" Kind="attention" Navigation="" OriginId="org.eclipse.ui.workbench" StartDate="2011-11-11 10:37:34.894 CET" StructureHandle="local-2" StructureKind="timing"/><InteractionEvent Delta="deactivated" EndDate="2011-11-11 10:54:31.607 CET" Interest="1.0" Kind="command" Navigation="" OriginId="org.eclipse.ui.workbench" StartDate="2011-11-11 10:54:31.607 CET" StructureHandle="local-2" StructureKind="activation"/><InteractionEvent Delta="activated" EndDate="2011-11-11 10:54:31.607 CET" Interest="1.0" Kind="command" Navigation="" OriginId="org.eclipse.ui.workbench" StartDate="2011-11-11 10:54:31.607 CET" StructureHandle="local-4" StructureKind="activation"/><InteractionEvent Delta="added" EndDate="2011-11-11 10:59:36.392 CET" Interest="1.0" Kind="attention" Navigation="" OriginId="org.eclipse.ui.workbench" StartDate="2011-11-11 10:54:06.35 CET" StructureHandle="local-4" StructureKind="timing"/><InteractionEvent Delta="added" EndDate="2011-11-11 11:00:06.442 CET" Interest="1.0" Kind="attention" Navigation="" OriginId="org.eclipse.ui.workbench" StartDate="2011-11-11 10:59:36.392 CET" StructureHandle="local-4" StructureKind="timing"/><InteractionEvent Delta="added" EndDate="2011-11-11 11:58:39.738 CET" Interest="1.0" Kind="attention" Navigation="" OriginId="org.eclipse.ui.workbench" StartDate="2011-11-11 11:00:06.442 CET" StructureHandle="local-4" StructureKind="timing"/><InteractionEvent Delta="deactivated" EndDate="2011-11-11 11:58:48.46 CET" Interest="1.0" Kind="command" Navigation="" OriginId="org.eclipse.ui.workbench" StartDate="2011-11-11 11:58:48.46 CET" StructureHandle="local-4" StructureKind="activation"/><InteractionEvent Delta="activated" EndDate="2011-11-11 11:58:48.411 CET" Interest="1.0" Kind="command" Navigation="" OriginId="org.eclipse.ui.workbench" StartDate="2011-11-11 11:58:48.411 CET" StructureHandle="local-4" StructureKind="activation"/><InteractionEvent Delta="deactivated" EndDate="2011-11-11 11:58:50.967 CET" Interest="1.0" Kind="command" Navigation="" OriginId="org.eclipse.ui.workbench" StartDate="2011-11-11 11:58:50.967 CET" StructureHandle="local-4" StructureKind="activation"/><InteractionEvent Delta="added" EndDate="2011-11-11 11:59:09.786 CET" Interest="1.0" Kind="attention" Navigation="" OriginId="org.eclipse.ui.workbench" StartDate="2011-11-11 11:58:39.738 CET" StructureHandle="none" StructureKind="workingset"/><InteractionEvent Delta="added" EndDate="2011-11-11 12:39:17.656 CET" Interest="1.0" Kind="attention" Navigation="" OriginId="org.eclipse.ui.workbench" StartDate="2011-11-11 12:01:14.578 CET" StructureHandle="none" StructureKind="workingset"/><InteractionEvent Delta="activated" EndDate="2011-11-11 13:07:01.553 CET" Interest="1.0" Kind="command" Navigation="" OriginId="org.eclipse.ui.workbench" StartDate="2011-11-11 13:07:01.553 CET" StructureHandle="local-4" StructureKind="activation"/><InteractionEvent Delta="added" EndDate="2011-11-11 13:25:17.580 CET" Interest="1.0" Kind="attention" Navigation="" OriginId="org.eclipse.ui.workbench" StartDate="2011-11-11 13:06:46.90 CET" StructureHandle="local-4" StructureKind="timing"/><InteractionEvent Delta="activated" EndDate="2011-11-11 13:26:29.885 CET" Interest="1.0" Kind="command" Navigation="" OriginId="org.eclipse.ui.workbench" StartDate="2011-11-11 13:26:29.885 CET" StructureHandle="local-4" StructureKind="activation"/><InteractionEvent Delta="added" EndDate="2011-11-11 13:59:32.205 CET" Interest="1.0" Kind="attention" Navigation="" OriginId="org.eclipse.ui.workbench" StartDate="2011-11-11 13:26:30.368 CET" StructureHandle="local-4" StructureKind="timing"/><InteractionEvent Delta="added" EndDate="2011-11-11 14:00:02.255 CET" Interest="1.0" Kind="attention" Navigation="" OriginId="org.eclipse.ui.workbench" StartDate="2011-11-11 13:59:32.205 CET" StructureHandle="local-4" StructureKind="timing"/><InteractionEvent Delta="added" EndDate="2011-11-11 14:11:32.846 CET" Interest="1.0" Kind="attention" Navigation="" OriginId="org.eclipse.ui.workbench" StartDate="2011-11-11 14:00:02.255 CET" StructureHandle="local-4" StructureKind="timing"/><InteractionEvent Delta="activated" EndDate="2011-11-11 14:12:36.12 CET" Interest="1.0" Kind="command" Navigation="" OriginId="org.eclipse.ui.workbench" StartDate="2011-11-11 14:12:36.12 CET" StructureHandle="local-4" StructureKind="activation"/><InteractionEvent Delta="added" EndDate="2011-11-11 14:59:34.776 CET" Interest="1.0" Kind="attention" Navigation="" OriginId="org.eclipse.ui.workbench" StartDate="2011-11-11 14:12:32.334 CET" StructureHandle="local-4" StructureKind="timing"/><InteractionEvent Delta="added" EndDate="2011-11-11 15:00:04.826 CET" Interest="1.0" Kind="attention" Navigation="" OriginId="org.eclipse.ui.workbench" StartDate="2011-11-11 14:59:34.776 CET" StructureHandle="local-4" StructureKind="timing"/><InteractionEvent Delta="added" EndDate="2011-11-11 15:59:07.383 CET" Interest="1.0" Kind="attention" Navigation="" OriginId="org.eclipse.ui.workbench" StartDate="2011-11-11 15:00:04.826 CET" StructureHandle="local-4" StructureKind="timing"/><InteractionEvent Delta="added" EndDate="2011-11-11 15:59:37.394 CET" Interest="1.0" Kind="attention" Navigation="" OriginId="org.eclipse.ui.workbench" StartDate="2011-11-11 15:59:07.383 CET" StructureHandle="local-4" StructureKind="timing"/><InteractionEvent Delta="added" EndDate="2011-11-11 16:00:07.444 CET" Interest="1.0" Kind="attention" Navigation="" OriginId="org.eclipse.ui.workbench" StartDate="2011-11-11 15:59:37.394 CET" StructureHandle="local-4" StructureKind="timing"/><InteractionEvent Delta="added" EndDate="2011-11-11 16:59:10.295 CET" Interest="1.0" Kind="attention" Navigation="" OriginId="org.eclipse.ui.workbench" StartDate="2011-11-11 16:00:07.444 CET" StructureHandle="local-4" StructureKind="timing"/><InteractionEvent Delta="added" EndDate="2011-11-11 16:59:40.296 CET" Interest="1.0" Kind="attention" Navigation="" OriginId="org.eclipse.ui.workbench" StartDate="2011-11-11 16:59:10.295 CET" StructureHandle="local-4" StructureKind="timing"/><InteractionEvent Delta="added" EndDate="2011-11-11 17:00:10.346 CET" Interest="1.0" Kind="attention" Navigation="" OriginId="org.eclipse.ui.workbench" StartDate="2011-11-11 16:59:40.296 CET" StructureHandle="local-4" StructureKind="timing"/><InteractionEvent Delta="added" EndDate="2011-11-11 17:25:11.372 CET" Interest="1.0" Kind="attention" Navigation="" OriginId="org.eclipse.ui.workbench" StartDate="2011-11-11 17:00:10.346 CET" StructureHandle="local-4" StructureKind="timing"/><InteractionEvent Delta="activated" EndDate="2011-11-11 17:25:57.105 CET" Interest="1.0" Kind="command" Navigation="" OriginId="org.eclipse.ui.workbench" StartDate="2011-11-11 17:25:57.105 CET" StructureHandle="local-4" StructureKind="activation"/><InteractionEvent Delta="added" EndDate="2011-11-11 17:59:02.580 CET" Interest="1.0" Kind="attention" Navigation="" OriginId="org.eclipse.ui.workbench" StartDate="2011-11-11 17:26:00.991 CET" StructureHandle="local-4" StructureKind="timing"/><InteractionEvent Delta="added" EndDate="2011-11-11 17:59:32.609 CET" Interest="1.0" Kind="attention" Navigation="" OriginId="org.eclipse.ui.workbench" StartDate="2011-11-11 17:59:02.580 CET" StructureHandle="local-4" StructureKind="timing"/><InteractionEvent Delta="added" EndDate="2011-11-11 18:00:02.610 CET" Interest="1.0" Kind="attention" Navigation="" OriginId="org.eclipse.ui.workbench" StartDate="2011-11-11 17:59:32.609 CET" StructureHandle="local-4" StructureKind="timing"/><InteractionEvent Delta="added" EndDate="2011-11-11 18:59:05.965 CET" Interest="1.0" Kind="attention" Navigation="" OriginId="org.eclipse.ui.workbench" StartDate="2011-11-11 18:00:02.610 CET" StructureHandle="local-4" StructureKind="timing"/><InteractionEvent Delta="deactivated" EndDate="2011-11-11 18:59:29.269 CET" Interest="1.0" Kind="command" Navigation="" OriginId="org.eclipse.ui.workbench" StartDate="2011-11-11 18:59:29.269 CET" StructureHandle="local-4" StructureKind="activation"/><InteractionEvent Delta="activated" EndDate="2011-11-11 18:59:29.415 CET" Interest="1.0" Kind="command" Navigation="" OriginId="org.eclipse.ui.workbench" StartDate="2011-11-11 18:59:29.415 CET" StructureHandle="local-4" StructureKind="activation"/><InteractionEvent Delta="deactivated" EndDate="2011-11-11 18:59:31.141 CET" Interest="1.0" Kind="command" Navigation="" OriginId="org.eclipse.ui.workbench" StartDate="2011-11-11 18:59:31.141 CET" StructureHandle="local-4" StructureKind="activation"/><InteractionEvent Delta="added" EndDate="2011-11-14 07:52:16.192 CET" Interest="1.0" Kind="attention" Navigation="" OriginId="org.eclipse.ui.workbench" StartDate="2011-11-14 07:50:46.137 CET" StructureHandle="none" StructureKind="workingset"/><InteractionEvent Delta="activated" EndDate="2011-11-14 07:52:37.144 CET" Interest="1.0" Kind="command" Navigation="" OriginId="org.eclipse.ui.workbench" StartDate="2011-11-14 07:52:37.144 CET" StructureHandle="local-4" StructureKind="activation"/><InteractionEvent Delta="deactivated" EndDate="2011-11-14 07:52:43.962 CET" Interest="1.0" Kind="command" Navigation="" OriginId="org.eclipse.ui.workbench" StartDate="2011-11-14 07:52:43.962 CET" StructureHandle="local-4" StructureKind="activation"/><InteractionEvent Delta="added" EndDate="2011-11-14 07:52:46.193 CET" Interest="1.0" Kind="attention" Navigation="" OriginId="org.eclipse.ui.workbench" StartDate="2011-11-14 07:52:16.192 CET" StructureHandle="none" StructureKind="workingset"/><InteractionEvent Delta="activated" EndDate="2011-11-14 07:52:54.4 CET" Interest="1.0" Kind="command" Navigation="" OriginId="org.eclipse.ui.workbench" StartDate="2011-11-14 07:52:54.4 CET" StructureHandle="local-4" StructureKind="activation"/><InteractionEvent Delta="added" EndDate="2011-11-14 08:00:16.617 CET" Interest="1.0" Kind="attention" Navigation="" OriginId="org.eclipse.ui.workbench" StartDate="2011-11-14 07:52:46.193 CET" StructureHandle="local-4" StructureKind="timing"/><InteractionEvent Delta="added" EndDate="2011-11-14 08:59:20.679 CET" Interest="1.0" Kind="attention" Navigation="" OriginId="org.eclipse.ui.workbench" StartDate="2011-11-14 08:00:16.617 CET" StructureHandle="local-4" StructureKind="timing"/><InteractionEvent Delta="added" EndDate="2011-11-14 08:59:50.729 CET" Interest="1.0" Kind="attention" Navigation="" OriginId="org.eclipse.ui.workbench" StartDate="2011-11-14 08:59:20.679 CET" StructureHandle="local-4" StructureKind="timing"/><InteractionEvent Delta="added" EndDate="2011-11-14 09:00:20.730 CET" Interest="1.0" Kind="attention" Navigation="" OriginId="org.eclipse.ui.workbench" StartDate="2011-11-14 08:59:50.729 CET" StructureHandle="local-4" StructureKind="timing"/><InteractionEvent Delta="added" EndDate="2011-11-14 09:23:22.226 CET" Interest="1.0" Kind="attention" Navigation="" OriginId="org.eclipse.ui.workbench" StartDate="2011-11-14 09:00:20.730 CET" StructureHandle="local-4" StructureKind="timing"/><InteractionEvent Delta="deactivated" EndDate="2011-11-14 09:23:33.577 CET" Interest="1.0" Kind="command" Navigation="" OriginId="org.eclipse.ui.workbench" StartDate="2011-11-14 09:23:33.577 CET" StructureHandle="local-4" StructureKind="activation"/><InteractionEvent Delta="added" EndDate="2011-11-14 09:40:23.503 CET" Interest="1.0" Kind="attention" Navigation="" OriginId="org.eclipse.ui.workbench" StartDate="2011-11-14 09:23:22.226 CET" StructureHandle="none" StructureKind="workingset"/><InteractionEvent Delta="activated" EndDate="2011-11-14 09:40:24.682 CET" Interest="1.0" Kind="command" Navigation="" OriginId="org.eclipse.ui.workbench" StartDate="2011-11-14 09:40:24.682 CET" StructureHandle="local-4" StructureKind="activation"/><InteractionEvent Delta="deactivated" EndDate="2011-11-14 09:40:26.227 CET" Interest="1.0" Kind="command" Navigation="" OriginId="org.eclipse.ui.workbench" StartDate="2011-11-14 09:40:26.227 CET" StructureHandle="local-4" StructureKind="activation"/><InteractionEvent Delta="activated" EndDate="2011-11-14 09:40:30.512 CET" Interest="1.0" Kind="command" Navigation="" OriginId="org.eclipse.ui.workbench" StartDate="2011-11-14 09:40:30.512 CET" StructureHandle="local-4" StructureKind="activation"/><InteractionEvent Delta="added" EndDate="2011-11-14 09:59:24.344 CET" Interest="1.0" Kind="attention" Navigation="" OriginId="org.eclipse.ui.workbench" StartDate="2011-11-14 09:40:23.503 CET" StructureHandle="local-4" StructureKind="timing"/><InteractionEvent Delta="added" EndDate="2011-11-14 09:59:54.394 CET" Interest="1.0" Kind="attention" Navigation="" OriginId="org.eclipse.ui.workbench" StartDate="2011-11-14 09:59:24.344 CET" StructureHandle="local-4" StructureKind="timing"/><InteractionEvent Delta="added" EndDate="2011-11-14 10:00:24.421 CET" Interest="1.0" Kind="attention" Navigation="" OriginId="org.eclipse.ui.workbench" StartDate="2011-11-14 09:59:54.394 CET" StructureHandle="local-4" StructureKind="timing"/><InteractionEvent Delta="added" EndDate="2011-11-14 10:59:27.538 CET" Interest="1.0" Kind="attention" Navigation="" OriginId="org.eclipse.ui.workbench" StartDate="2011-11-14 10:00:24.421 CET" StructureHandle="local-4" StructureKind="timing"/><InteractionEvent Delta="added" EndDate="2011-11-14 10:59:57.539 CET" Interest="1.0" Kind="attention" Navigation="" OriginId="org.eclipse.ui.workbench" StartDate="2011-11-14 10:59:27.538 CET" StructureHandle="local-4" StructureKind="timing"/><InteractionEvent Delta="added" EndDate="2011-11-14 11:00:27.587 CET" Interest="1.0" Kind="attention" Navigation="" OriginId="org.eclipse.ui.workbench" StartDate="2011-11-14 10:59:57.539 CET" StructureHandle="local-4" StructureKind="timing"/><InteractionEvent Delta="added" EndDate="2011-11-14 11:06:27.899 CET" Interest="1.0" Kind="attention" Navigation="" OriginId="org.eclipse.ui.workbench" StartDate="2011-11-14 11:00:27.587 CET" StructureHandle="local-4" StructureKind="timing"/><InteractionEvent Delta="deactivated" EndDate="2011-11-14 11:06:37.76 CET" Interest="1.0" Kind="command" Navigation="" OriginId="org.eclipse.ui.workbench" StartDate="2011-11-14 11:06:37.76 CET" StructureHandle="local-4" StructureKind="activation"/><InteractionEvent Delta="added" EndDate="2011-11-14 11:25:59.24 CET" Interest="1.0" Kind="attention" Navigation="" OriginId="org.eclipse.ui.workbench" StartDate="2011-11-14 11:06:27.899 CET" StructureHandle="none" StructureKind="workingset"/><InteractionEvent Delta="added" EndDate="2011-11-14 15:40:51.693 CET" Interest="1.0" Kind="attention" Navigation="" OriginId="org.eclipse.ui.workbench" StartDate="2011-11-14 15:23:20.532 CET" StructureHandle="none" StructureKind="workingset"/><InteractionEvent Delta="activated" EndDate="2011-11-14 15:40:54.89 CET" Interest="1.0" Kind="command" Navigation="" OriginId="org.eclipse.ui.workbench" StartDate="2011-11-14 15:40:54.89 CET" StructureHandle="local-5" StructureKind="activation"/><InteractionEvent Delta="added" EndDate="2011-11-14 15:59:52.956 CET" Interest="1.0" Kind="attention" Navigation="" OriginId="org.eclipse.ui.workbench" StartDate="2011-11-14 15:40:51.693 CET" StructureHandle="local-5" StructureKind="timing"/><InteractionEvent Delta="added" EndDate="2011-11-14 16:00:23.6 CET" Interest="1.0" Kind="attention" Navigation="" OriginId="org.eclipse.ui.workbench" StartDate="2011-11-14 15:59:52.956 CET" StructureHandle="local-5" StructureKind="timing"/><InteractionEvent Delta="added" EndDate="2011-11-14 16:59:27.662 CET" Interest="1.0" Kind="attention" Navigation="" OriginId="org.eclipse.ui.workbench" StartDate="2011-11-14 16:00:23.6 CET" StructureHandle="local-5" StructureKind="timing"/><InteractionEvent Delta="added" EndDate="2011-11-14 16:59:57.712 CET" Interest="1.0" Kind="attention" Navigation="" OriginId="org.eclipse.ui.workbench" StartDate="2011-11-14 16:59:27.662 CET" StructureHandle="local-5" StructureKind="timing"/><InteractionEvent Delta="added" EndDate="2011-11-14 17:00:27.762 CET" Interest="1.0" Kind="attention" Navigation="" OriginId="org.eclipse.ui.workbench" StartDate="2011-11-14 16:59:57.712 CET" StructureHandle="local-5" StructureKind="timing"/><InteractionEvent Delta="added" EndDate="2011-11-14 17:22:59.59 CET" Interest="1.0" Kind="attention" Navigation="" OriginId="org.eclipse.ui.workbench" StartDate="2011-11-14 17:00:27.762 CET" StructureHandle="local-5" StructureKind="timing"/><InteractionEvent Delta="deactivated" EndDate="2011-11-14 17:23:08.39 CET" Interest="1.0" Kind="command" Navigation="" OriginId="org.eclipse.ui.workbench" StartDate="2011-11-14 17:23:08.39 CET" StructureHandle="local-5" StructureKind="activation"/><InteractionEvent Delta="added" EndDate="2011-11-15 10:55:17.782 CET" Interest="1.0" Kind="attention" Navigation="" OriginId="org.eclipse.ui.workbench" StartDate="2011-11-15 10:19:45.269 CET" StructureHandle="none" StructureKind="workingset"/><InteractionEvent Delta="added" EndDate="2011-11-15 11:17:07.903 CET" Interest="1.0" Kind="attention" Navigation="" OriginId="org.eclipse.ui.workbench" StartDate="2011-11-15 11:05:37.261 CET" StructureHandle="none" StructureKind="workingset"/><InteractionEvent Delta="activated" EndDate="2011-11-15 11:17:29.9 CET" Interest="1.0" Kind="command" Navigation="" OriginId="org.eclipse.ui.workbench" StartDate="2011-11-15 11:17:29.9 CET" StructureHandle="local-6" StructureKind="activation"/><InteractionEvent Delta="added" EndDate="2011-11-15 11:59:10.20 CET" Interest="1.0" Kind="attention" Navigation="" OriginId="org.eclipse.ui.workbench" StartDate="2011-11-15 11:17:07.903 CET" StructureHandle="local-6" StructureKind="timing"/><InteractionEvent Delta="added" EndDate="2011-11-15 11:59:40.68 CET" Interest="1.0" Kind="attention" Navigation="" OriginId="org.eclipse.ui.workbench" StartDate="2011-11-15 11:59:10.20 CET" StructureHandle="local-6" StructureKind="timing"/><InteractionEvent Delta="added" EndDate="2011-11-15 12:00:10.69 CET" Interest="1.0" Kind="attention" Navigation="" OriginId="org.eclipse.ui.workbench" StartDate="2011-11-15 11:59:40.68 CET" StructureHandle="local-6" StructureKind="timing"/><InteractionEvent Delta="added" EndDate="2011-11-15 12:14:40.894 CET" Interest="1.0" Kind="attention" Navigation="" OriginId="org.eclipse.ui.workbench" StartDate="2011-11-15 12:00:10.69 CET" StructureHandle="local-6" StructureKind="timing"/><InteractionEvent Delta="activated" EndDate="2011-11-15 12:15:13.207 CET" Interest="1.0" Kind="command" Navigation="" OriginId="org.eclipse.ui.workbench" StartDate="2011-11-15 12:15:13.207 CET" StructureHandle="local-6" StructureKind="activation"/><InteractionEvent Delta="added" EndDate="2011-11-15 12:59:20.744 CET" Interest="1.0" Kind="attention" Navigation="" OriginId="org.eclipse.ui.workbench" StartDate="2011-11-15 12:15:17.751 CET" StructureHandle="local-6" StructureKind="timing"/><InteractionEvent Delta="added" EndDate="2011-11-15 12:59:50.794 CET" Interest="1.0" Kind="attention" Navigation="" OriginId="org.eclipse.ui.workbench" StartDate="2011-11-15 12:59:20.744 CET" StructureHandle="local-6" StructureKind="timing"/><InteractionEvent Delta="added" EndDate="2011-11-15 13:00:20.845 CET" Interest="1.0" Kind="attention" Navigation="" OriginId="org.eclipse.ui.workbench" StartDate="2011-11-15 12:59:50.794 CET" StructureHandle="local-6" StructureKind="timing"/><InteractionEvent Delta="added" EndDate="2011-11-15 13:47:54.303 CET" Interest="1.0" Kind="attention" Navigation="" OriginId="org.eclipse.ui.workbench" StartDate="2011-11-15 13:00:20.845 CET" StructureHandle="local-6" StructureKind="timing"/><InteractionEvent Delta="added" EndDate="2011-11-15 16:59:33.635 CET" Interest="1.0" Kind="attention" Navigation="" OriginId="org.eclipse.ui.workbench" StartDate="2011-11-15 16:43:32.669 CET" StructureHandle="local-6" StructureKind="timing"/><InteractionEvent Delta="added" EndDate="2011-11-15 17:00:03.685 CET" Interest="1.0" Kind="attention" Navigation="" OriginId="org.eclipse.ui.workbench" StartDate="2011-11-15 16:59:33.635 CET" StructureHandle="local-6" StructureKind="timing"/><InteractionEvent Delta="added" EndDate="2011-11-15 17:59:07.6 CET" Interest="1.0" Kind="attention" Navigation="" OriginId="org.eclipse.ui.workbench" StartDate="2011-11-15 17:00:03.685 CET" StructureHandle="local-6" StructureKind="timing"/><InteractionEvent Delta="added" EndDate="2011-11-15 17:59:37.56 CET" Interest="1.0" Kind="attention" Navigation="" OriginId="org.eclipse.ui.workbench" StartDate="2011-11-15 17:59:07.6 CET" StructureHandle="local-6" StructureKind="timing"/><InteractionEvent Delta="added" EndDate="2011-11-15 18:00:07.106 CET" Interest="1.0" Kind="attention" Navigation="" OriginId="org.eclipse.ui.workbench" StartDate="2011-11-15 17:59:37.56 CET" StructureHandle="local-6" StructureKind="timing"/><InteractionEvent Delta="added" EndDate="2011-11-15 18:59:10.413 CET" Interest="1.0" Kind="attention" Navigation="" OriginId="org.eclipse.ui.workbench" StartDate="2011-11-15 18:00:07.106 CET" StructureHandle="local-6" StructureKind="timing"/><InteractionEvent Delta="added" EndDate="2011-11-15 18:59:40.414 CET" Interest="1.0" Kind="attention" Navigation="" OriginId="org.eclipse.ui.workbench" StartDate="2011-11-15 18:59:10.413 CET" StructureHandle="local-6" StructureKind="timing"/><InteractionEvent Delta="added" EndDate="2011-11-15 19:00:10.464 CET" Interest="1.0" Kind="attention" Navigation="" OriginId="org.eclipse.ui.workbench" StartDate="2011-11-15 18:59:40.414 CET" StructureHandle="local-6" StructureKind="timing"/><InteractionEvent Delta="added" EndDate="2011-11-15 19:59:13.208 CET" Interest="1.0" Kind="attention" Navigation="" OriginId="org.eclipse.ui.workbench" StartDate="2011-11-15 19:00:10.464 CET" StructureHandle="local-6" StructureKind="timing"/><InteractionEvent Delta="added" EndDate="2011-11-15 19:59:43.209 CET" Interest="1.0" Kind="attention" Navigation="" OriginId="org.eclipse.ui.workbench" StartDate="2011-11-15 19:59:13.208 CET" StructureHandle="local-6" StructureKind="timing"/><InteractionEvent Delta="added" EndDate="2011-11-15 20:00:13.259 CET" Interest="1.0" Kind="attention" Navigation="" OriginId="org.eclipse.ui.workbench" StartDate="2011-11-15 19:59:43.209 CET" StructureHandle="local-6" StructureKind="timing"/><InteractionEvent Delta="added" EndDate="2011-11-15 20:16:13.991 CET" Interest="1.0" Kind="attention" Navigation="" OriginId="org.eclipse.ui.workbench" StartDate="2011-11-15 20:00:13.259 CET" StructureHandle="local-6" StructureKind="timing"/><InteractionEvent Delta="activated" EndDate="2011-11-16 18:48:06.929 CET" Interest="1.0" Kind="command" Navigation="" OriginId="org.eclipse.ui.workbench" StartDate="2011-11-16 18:48:06.929 CET" StructureHandle="local-6" StructureKind="activation"/><InteractionEvent Delta="added" EndDate="2011-11-16 18:57:08.405 CET" Interest="1.0" Kind="attention" Navigation="" OriginId="org.eclipse.ui.workbench" StartDate="2011-11-16 18:48:07.977 CET" StructureHandle="local-6" StructureKind="timing"/><InteractionEvent Delta="deactivated" EndDate="2011-11-16 18:57:34.223 CET" Interest="1.0" Kind="command" Navigation="" OriginId="org.eclipse.ui.workbench" StartDate="2011-11-16 18:57:34.223 CET" StructureHandle="local-6" StructureKind="activation"/><InteractionEvent Delta="activated" EndDate="2011-11-16 18:57:34.234 CET" Interest="1.0" Kind="command" Navigation="" OriginId="org.eclipse.ui.workbench" StartDate="2011-11-16 18:57:34.234 CET" StructureHandle="local-7" StructureKind="activation"/><InteractionEvent Delta="added" EndDate="2011-11-16 18:59:38.461 CET" Interest="1.0" Kind="attention" Navigation="" OriginId="org.eclipse.ui.workbench" StartDate="2011-11-16 18:57:08.405 CET" StructureHandle="local-7" StructureKind="timing"/><InteractionEvent Delta="added" EndDate="2011-11-16 19:00:08.511 CET" Interest="1.0" Kind="attention" Navigation="" OriginId="org.eclipse.ui.workbench" StartDate="2011-11-16 18:59:38.461 CET" StructureHandle="local-7" StructureKind="timing"/><InteractionEvent Delta="added" EndDate="2011-11-16 19:59:11.544 CET" Interest="1.0" Kind="attention" Navigation="" OriginId="org.eclipse.ui.workbench" StartDate="2011-11-16 19:00:08.511 CET" StructureHandle="local-7" StructureKind="timing"/><InteractionEvent Delta="added" EndDate="2011-11-16 19:59:41.545 CET" Interest="1.0" Kind="attention" Navigation="" OriginId="org.eclipse.ui.workbench" StartDate="2011-11-16 19:59:11.544 CET" StructureHandle="local-7" StructureKind="timing"/><InteractionEvent Delta="added" EndDate="2011-11-16 20:00:11.546 CET" Interest="1.0" Kind="attention" Navigation="" OriginId="org.eclipse.ui.workbench" StartDate="2011-11-16 19:59:41.545 CET" StructureHandle="local-7" StructureKind="timing"/><InteractionEvent Delta="added" EndDate="2011-11-16 20:23:42.533 CET" Interest="1.0" Kind="attention" Navigation="" OriginId="org.eclipse.ui.workbench" StartDate="2011-11-16 20:00:11.546 CET" StructureHandle="local-7" StructureKind="timing"/><InteractionEvent Delta="activated" EndDate="2011-11-17 09:55:12.577 CET" Interest="1.0" Kind="command" Navigation="" OriginId="org.eclipse.ui.workbench" StartDate="2011-11-17 09:55:12.577 CET" StructureHandle="local-7" StructureKind="activation"/><InteractionEvent Delta="added" EndDate="2011-11-17 09:59:46.818 CET" Interest="1.0" Kind="attention" Navigation="" OriginId="org.eclipse.ui.workbench" StartDate="2011-11-17 09:56:16.417 CET" StructureHandle="local-7" StructureKind="timing"/><InteractionEvent Delta="added" EndDate="2011-11-17 10:00:16.868 CET" Interest="1.0" Kind="attention" Navigation="" OriginId="org.eclipse.ui.workbench" StartDate="2011-11-17 09:59:46.818 CET" StructureHandle="local-7" StructureKind="timing"/><InteractionEvent Delta="added" EndDate="2011-11-17 10:59:20.712 CET" Interest="1.0" Kind="attention" Navigation="" OriginId="org.eclipse.ui.workbench" StartDate="2011-11-17 10:00:16.868 CET" StructureHandle="local-7" StructureKind="timing"/><InteractionEvent Delta="added" EndDate="2011-11-17 10:59:50.762 CET" Interest="1.0" Kind="attention" Navigation="" OriginId="org.eclipse.ui.workbench" StartDate="2011-11-17 10:59:20.712 CET" StructureHandle="local-7" StructureKind="timing"/><InteractionEvent Delta="added" EndDate="2011-11-17 11:00:20.780 CET" Interest="1.0" Kind="attention" Navigation="" OriginId="org.eclipse.ui.workbench" StartDate="2011-11-17 10:59:50.762 CET" StructureHandle="local-7" StructureKind="timing"/><InteractionEvent Delta="added" EndDate="2011-11-17 11:49:23.723 CET" Interest="1.0" Kind="attention" Navigation="" OriginId="org.eclipse.ui.workbench" StartDate="2011-11-17 11:00:20.780 CET" StructureHandle="local-7" StructureKind="timing"/><InteractionEvent Delta="added" EndDate="2011-11-17 16:59:11.614 CET" Interest="1.0" Kind="attention" Navigation="" OriginId="org.eclipse.ui.workbench" StartDate="2011-11-17 16:42:07.36 CET" StructureHandle="local-7" StructureKind="timing"/><InteractionEvent Delta="added" EndDate="2011-11-17 16:59:41.615 CET" Interest="1.0" Kind="attention" Navigation="" OriginId="org.eclipse.ui.workbench" StartDate="2011-11-17 16:59:11.614 CET" StructureHandle="local-7" StructureKind="timing"/><InteractionEvent Delta="added" EndDate="2011-11-17 17:00:11.663 CET" Interest="1.0" Kind="attention" Navigation="" OriginId="org.eclipse.ui.workbench" StartDate="2011-11-17 16:59:41.615 CET" StructureHandle="local-7" StructureKind="timing"/><InteractionEvent Delta="added" EndDate="2011-11-17 17:47:44.943 CET" Interest="1.0" Kind="attention" Navigation="" OriginId="org.eclipse.ui.workbench" StartDate="2011-11-17 17:00:11.663 CET" StructureHandle="local-7" StructureKind="timing"/><InteractionEvent Delta="added" EndDate="2011-11-17 17:59:49.581 CET" Interest="1.0" Kind="attention" Navigation="" OriginId="org.eclipse.ui.workbench" StartDate="2011-11-17 17:59:19.531 CET" StructureHandle="local-7" StructureKind="timing"/><InteractionEvent Delta="added" EndDate="2011-11-17 18:00:19.631 CET" Interest="1.0" Kind="attention" Navigation="" OriginId="org.eclipse.ui.workbench" StartDate="2011-11-17 17:59:49.581 CET" StructureHandle="local-7" StructureKind="timing"/><InteractionEvent Delta="added" EndDate="2011-11-17 18:50:26.27 CET" Interest="1.0" Kind="attention" Navigation="" OriginId="org.eclipse.ui.workbench" StartDate="2011-11-17 18:00:19.631 CET" StructureHandle="local-7" StructureKind="timing"/><InteractionEvent Delta="added" EndDate="2011-11-17 19:00:17.74 CET" Interest="1.0" Kind="attention" Navigation="" OriginId="org.eclipse.ui.workbench" StartDate="2011-11-17 18:59:47.23 CET" StructureHandle="local-7" StructureKind="timing"/><InteractionEvent Delta="added" EndDate="2011-11-17 19:36:02.359 CET" Interest="1.0" Kind="attention" Navigation="" OriginId="org.eclipse.ui.workbench" StartDate="2011-11-17 19:00:56.616 CET" StructureHandle="local-7" StructureKind="timing"/><InteractionEvent Delta="added" EndDate="2011-11-17 20:59:17.65 CET" Interest="1.0" Kind="attention" Navigation="" OriginId="org.eclipse.ui.workbench" StartDate="2011-11-17 20:09:13.851 CET" StructureHandle="local-7" StructureKind="timing"/><InteractionEvent Delta="added" EndDate="2011-11-17 20:59:47.66 CET" Interest="1.0" Kind="attention" Navigation="" OriginId="org.eclipse.ui.workbench" StartDate="2011-11-17 20:59:17.65 CET" StructureHandle="local-7" StructureKind="timing"/><InteractionEvent Delta="added" EndDate="2011-11-17 21:00:17.116 CET" Interest="1.0" Kind="attention" Navigation="" OriginId="org.eclipse.ui.workbench" StartDate="2011-11-17 20:59:47.66 CET" StructureHandle="local-7" StructureKind="timing"/><InteractionEvent Delta="added" EndDate="2011-11-17 21:04:47.377 CET" Interest="1.0" Kind="attention" Navigation="" OriginId="org.eclipse.ui.workbench" StartDate="2011-11-17 21:00:17.116 CET" StructureHandle="local-7" StructureKind="timing"/><InteractionEvent Delta="activated" EndDate="2011-11-18 08:28:05.168 CET" Interest="1.0" Kind="command" Navigation="" OriginId="org.eclipse.ui.workbench" StartDate="2011-11-18 08:28:05.168 CET" StructureHandle="local-7" StructureKind="activation"/><InteractionEvent Delta="added" EndDate="2011-11-18 08:54:29.498 CET" Interest="1.0" Kind="attention" Navigation="" OriginId="org.eclipse.ui.workbench" StartDate="2011-11-18 08:28:24.176 CET" StructureHandle="local-7" StructureKind="timing"/><InteractionEvent Delta="added" EndDate="2011-11-18 09:30:45.576 CET" Interest="1.0" Kind="attention" Navigation="" OriginId="org.eclipse.ui.workbench" StartDate="2011-11-18 09:03:12.656 CET" StructureHandle="local-7" StructureKind="timing"/><InteractionEvent Delta="added" EndDate="2011-11-18 10:00:04.931 CET" Interest="1.0" Kind="attention" Navigation="" OriginId="org.eclipse.ui.workbench" StartDate="2011-11-18 09:59:34.928 CET" StructureHandle="local-7" StructureKind="timing"/><InteractionEvent Delta="added" EndDate="2011-11-18 10:01:04.982 CET" Interest="1.0" Kind="attention" Navigation="" OriginId="org.eclipse.ui.workbench" StartDate="2011-11-18 10:00:04.931 CET" StructureHandle="local-7" StructureKind="timing"/><InteractionEvent Delta="activated" EndDate="2011-11-18 10:19:54.152 CET" Interest="1.0" Kind="command" Navigation="" OriginId="org.eclipse.ui.workbench" StartDate="2011-11-18 10:19:54.152 CET" StructureHandle="local-7" StructureKind="activation"/><InteractionEvent Delta="added" EndDate="2011-11-18 10:48:23.863 CET" Interest="1.0" Kind="attention" Navigation="" OriginId="org.eclipse.ui.workbench" StartDate="2011-11-18 10:20:48.806 CET" StructureHandle="local-7" StructureKind="timing"/><InteractionEvent Delta="activated" EndDate="2011-11-18 18:22:30.299 CET" Interest="1.0" Kind="command" Navigation="" OriginId="org.eclipse.ui.workbench" StartDate="2011-11-18 18:22:30.299 CET" StructureHandle="local-7" StructureKind="activation"/><InteractionEvent Delta="added" EndDate="2011-11-18 18:59:14.743 CET" Interest="1.0" Kind="attention" Navigation="" OriginId="org.eclipse.ui.workbench" StartDate="2011-11-18 18:23:08.841 CET" StructureHandle="local-7" StructureKind="timing"/><InteractionEvent Delta="added" EndDate="2011-11-18 18:59:44.794 CET" Interest="1.0" Kind="attention" Navigation="" OriginId="org.eclipse.ui.workbench" StartDate="2011-11-18 18:59:14.743 CET" StructureHandle="local-7" StructureKind="timing"/><InteractionEvent Delta="added" EndDate="2011-11-18 19:00:14.844 CET" Interest="1.0" Kind="attention" Navigation="" OriginId="org.eclipse.ui.workbench" StartDate="2011-11-18 18:59:44.794 CET" StructureHandle="local-7" StructureKind="timing"/><InteractionEvent Delta="added" EndDate="2011-11-18 19:59:18.980 CET" Interest="1.0" Kind="attention" Navigation="" OriginId="org.eclipse.ui.workbench" StartDate="2011-11-18 19:00:14.844 CET" StructureHandle="local-7" StructureKind="timing"/><InteractionEvent Delta="added" EndDate="2011-11-18 19:59:48.981 CET" Interest="1.0" Kind="attention" Navigation="" OriginId="org.eclipse.ui.workbench" StartDate="2011-11-18 19:59:18.980 CET" StructureHandle="local-7" StructureKind="timing"/><InteractionEvent Delta="added" EndDate="2011-11-18 20:00:18.982 CET" Interest="1.0" Kind="attention" Navigation="" OriginId="org.eclipse.ui.workbench" StartDate="2011-11-18 19:59:48.981 CET" StructureHandle="local-7" StructureKind="timing"/><InteractionEvent Delta="added" EndDate="2011-11-18 20:32:21.735 CET" Interest="1.0" Kind="attention" Navigation="" OriginId="org.eclipse.ui.workbench" StartDate="2011-11-18 20:00:18.982 CET" StructureHandle="local-7" StructureKind="timing"/><InteractionEvent Delta="added" EndDate="2011-11-18 21:00:03.118 CET" Interest="1.0" Kind="attention" Navigation="" OriginId="org.eclipse.ui.workbench" StartDate="2011-11-18 20:59:33.67 CET" StructureHandle="local-7" StructureKind="timing"/><InteractionEvent Delta="added" EndDate="2011-11-18 21:40:08.425 CET" Interest="1.0" Kind="attention" Navigation="" OriginId="org.eclipse.ui.workbench" StartDate="2011-11-18 21:00:03.118 CET" StructureHandle="local-7" StructureKind="timing"/><InteractionEvent Delta="activated" EndDate="2011-11-19 07:48:28.922 CET" Interest="1.0" Kind="command" Navigation="" OriginId="org.eclipse.ui.workbench" StartDate="2011-11-19 07:48:28.922 CET" StructureHandle="local-7" StructureKind="activation"/><InteractionEvent Delta="added" EndDate="2011-11-19 07:58:40.540 CET" Interest="1.0" Kind="attention" Navigation="" OriginId="org.eclipse.ui.workbench" StartDate="2011-11-19 07:48:36.147 CET" StructureHandle="local-7" StructureKind="timing"/><InteractionEvent Delta="added" EndDate="2011-11-19 08:46:13.22 CET" Interest="1.0" Kind="attention" Navigation="" OriginId="org.eclipse.ui.workbench" StartDate="2011-11-19 08:16:37.862 CET" StructureHandle="local-7" StructureKind="timing"/><InteractionEvent Delta="added" EndDate="2011-11-19 09:00:26.827 CET" Interest="1.0" Kind="attention" Navigation="" OriginId="org.eclipse.ui.workbench" StartDate="2011-11-19 08:59:56.777 CET" StructureHandle="local-7" StructureKind="timing"/><InteractionEvent Delta="added" EndDate="2011-11-19 09:46:38.100 CET" Interest="1.0" Kind="attention" Navigation="" OriginId="org.eclipse.ui.workbench" StartDate="2011-11-19 09:00:26.827 CET" StructureHandle="local-7" StructureKind="timing"/><InteractionEvent Delta="added" EndDate="2011-11-19 10:00:10.226 CET" Interest="1.0" Kind="attention" Navigation="" OriginId="org.eclipse.ui.workbench" StartDate="2011-11-19 09:59:40.176 CET" StructureHandle="local-7" StructureKind="timing"/><InteractionEvent Delta="added" EndDate="2011-11-19 10:18:12.42 CET" Interest="1.0" Kind="attention" Navigation="" OriginId="org.eclipse.ui.workbench" StartDate="2011-11-19 10:00:10.226 CET" StructureHandle="local-7" StructureKind="timing"/><InteractionEvent Delta="activated" EndDate="2011-11-21 08:00:00.443 CET" Interest="1.0" Kind="command" Navigation="" OriginId="org.eclipse.ui.workbench" StartDate="2011-11-21 08:00:00.443 CET" StructureHandle="local-7" StructureKind="activation"/><InteractionEvent Delta="added" EndDate="2011-11-21 08:18:02.156 CET" Interest="1.0" Kind="attention" Navigation="" OriginId="org.eclipse.ui.workbench" StartDate="2011-11-21 08:00:00.970 CET" StructureHandle="local-7" StructureKind="timing"/><InteractionEvent Delta="deactivated" EndDate="2011-11-21 08:20:17.459 CET" Interest="1.0" Kind="command" Navigation="" OriginId="org.eclipse.ui.workbench" StartDate="2011-11-21 08:20:17.459 CET" StructureHandle="local-7" StructureKind="activation"/><InteractionEvent Delta="activated" EndDate="2011-11-21 08:20:17.461 CET" Interest="1.0" Kind="command" Navigation="" OriginId="org.eclipse.ui.workbench" StartDate="2011-11-21 08:20:17.461 CET" StructureHandle="local-1" StructureKind="activation"/><InteractionEvent Delta="added" EndDate="2011-11-21 08:59:14.902 CET" Interest="1.0" Kind="attention" Navigation="" OriginId="org.eclipse.ui.workbench" StartDate="2011-11-21 08:20:12.462 CET" StructureHandle="local-1" StructureKind="timing"/><InteractionEvent Delta="added" EndDate="2011-11-21 08:59:44.952 CET" Interest="1.0" Kind="attention" Navigation="" OriginId="org.eclipse.ui.workbench" StartDate="2011-11-21 08:59:14.902 CET" StructureHandle="local-1" StructureKind="timing"/><InteractionEvent Delta="added" EndDate="2011-11-21 09:00:14.954 CET" Interest="1.0" Kind="attention" Navigation="" OriginId="org.eclipse.ui.workbench" StartDate="2011-11-21 08:59:44.952 CET" StructureHandle="local-1" StructureKind="timing"/><InteractionEvent Delta="added" EndDate="2011-11-21 09:52:19.729 CET" Interest="1.0" Kind="attention" Navigation="" OriginId="org.eclipse.ui.workbench" StartDate="2011-11-21 09:00:14.954 CET" StructureHandle="local-1" StructureKind="timing"/><InteractionEvent Delta="added" EndDate="2011-11-21 09:59:56.112 CET" Interest="1.0" Kind="attention" Navigation="" OriginId="org.eclipse.ui.workbench" StartDate="2011-11-21 09:59:26.111 CET" StructureHandle="local-1" StructureKind="timing"/><InteractionEvent Delta="added" EndDate="2011-11-21 10:00:26.162 CET" Interest="1.0" Kind="attention" Navigation="" OriginId="org.eclipse.ui.workbench" StartDate="2011-11-21 09:59:56.112 CET" StructureHandle="local-1" StructureKind="timing"/><InteractionEvent Delta="added" EndDate="2011-11-21 10:59:28.965 CET" Interest="1.0" Kind="attention" Navigation="" OriginId="org.eclipse.ui.workbench" StartDate="2011-11-21 10:00:26.162 CET" StructureHandle="local-1" StructureKind="timing"/><InteractionEvent Delta="added" EndDate="2011-11-21 10:59:59.13 CET" Interest="1.0" Kind="attention" Navigation="" OriginId="org.eclipse.ui.workbench" StartDate="2011-11-21 10:59:28.965 CET" StructureHandle="local-1" StructureKind="timing"/><InteractionEvent Delta="added" EndDate="2011-11-21 11:00:29.64 CET" Interest="1.0" Kind="attention" Navigation="" OriginId="org.eclipse.ui.workbench" StartDate="2011-11-21 10:59:59.13 CET" StructureHandle="local-1" StructureKind="timing"/><InteractionEvent Delta="added" EndDate="2011-11-21 11:53:31.698 CET" Interest="1.0" Kind="attention" Navigation="" OriginId="org.eclipse.ui.workbench" StartDate="2011-11-21 11:00:29.64 CET" StructureHandle="local-1" StructureKind="timing"/></InteractionHistory>