<?xml version="1.0" encoding="UTF-8"?><InteractionHistory Id="activity" Version="1"><InteractionEvent Delta="added" EndDate="2011-11-11 10:35:04.690 CET" Interest="1.0" Kind="attention" Navigation="" OriginId="org.eclipse.ui.workbench" StartDate="2011-11-11 10:28:34.134 CET" StructureHandle="none" StructureKind="workingset"/><InteractionEvent Delta="activated" EndDate="2011-11-11 10:35:34.396 CET" Interest="1.0" Kind="command" Navigation="" OriginId="org.eclipse.ui.workbench" StartDate="2011-11-11 10:35:34.396 CET" StructureHandle="local-1" StructureKind="activation"/><InteractionEvent Delta="added" EndDate="2011-11-11 10:35:34.740 CET" Interest="1.0" Kind="attention" Navigation="" OriginId="org.eclipse.ui.workbench" StartDate="2011-11-11 10:35:04.690 CET" StructureHandle="local-1" StructureKind="timing"/><InteractionEvent Delta="deactivated" EndDate="2011-11-11 10:35:36.931 CET" Interest="1.0" Kind="command" Navigation="" OriginId="org.eclipse.ui.workbench" StartDate="2011-11-11 10:35:36.931 CET" StructureHandle="local-1" StructureKind="activation"/><InteractionEvent Delta="added" EndDate="2011-11-11 10:37:34.894 CET" Interest="1.0" Kind="attention" Navigation="" OriginId="org.eclipse.ui.workbench" StartDate="2011-11-11 10:35:34.740 CET" StructureHandle="none" StructureKind="workingset"/><InteractionEvent Delta="activated" EndDate="2011-11-11 10:37:44.484 CET" Interest="1.0" Kind="command" Navigation="" OriginId="org.eclipse.ui.workbench" StartDate="2011-11-11 10:37:44.484 CET" StructureHandle="local-1" StructureKind="activation"/><InteractionEvent Delta="deactivated" EndDate="2011-11-11 10:37:45.517 CET" Interest="1.0" Kind="command" Navigation="" OriginId="org.eclipse.ui.workbench" StartDate="2011-11-11 10:37:45.517 CET" StructureHandle="local-1" StructureKind="activation"/><InteractionEvent Delta="activated" EndDate="2011-11-11 10:37:52.249 CET" Interest="1.0" Kind="command" Navigation="" OriginId="org.eclipse.ui.workbench" StartDate="2011-11-11 10:37:52.249 CET" StructureHandle="local-2" StructureKind="activation"/><InteractionEvent Delta="added" EndDate="2011-11-11 10:54:06.35 CET" Interest="1.0" Kind="attention" Navigation="" OriginId="org.eclipse.ui.workbench" StartDate="2011-11-11 10:37:34.894 CET" StructureHandle="local-2" StructureKind="timing"/><InteractionEvent Delta="deactivated" EndDate="2011-11-11 10:54:31.607 CET" Interest="1.0" Kind="command" Navigation="" OriginId="org.eclipse.ui.workbench" StartDate="2011-11-11 10:54:31.607 CET" StructureHandle="local-2" StructureKind="activation"/><InteractionEvent Delta="activated" EndDate="2011-11-11 10:54:31.607 CET" Interest="1.0" Kind="command" Navigation="" OriginId="org.eclipse.ui.workbench" StartDate="2011-11-11 10:54:31.607 CET" StructureHandle="local-4" StructureKind="activation"/><InteractionEvent Delta="added" EndDate="2011-11-11 10:59:36.392 CET" Interest="1.0" Kind="attention" Navigation="" OriginId="org.eclipse.ui.workbench" StartDate="2011-11-11 10:54:06.35 CET" StructureHandle="local-4" StructureKind="timing"/><InteractionEvent Delta="added" EndDate="2011-11-11 11:00:06.442 CET" Interest="1.0" Kind="attention" Navigation="" OriginId="org.eclipse.ui.workbench" StartDate="2011-11-11 10:59:36.392 CET" StructureHandle="local-4" StructureKind="timing"/><InteractionEvent Delta="added" EndDate="2011-11-11 11:58:39.738 CET" Interest="1.0" Kind="attention" Navigation="" OriginId="org.eclipse.ui.workbench" StartDate="2011-11-11 11:00:06.442 CET" StructureHandle="local-4" StructureKind="timing"/><InteractionEvent Delta="deactivated" EndDate="2011-11-11 11:58:48.46 CET" Interest="1.0" Kind="command" Navigation="" OriginId="org.eclipse.ui.workbench" StartDate="2011-11-11 11:58:48.46 CET" StructureHandle="local-4" StructureKind="activation"/><InteractionEvent Delta="activated" EndDate="2011-11-11 11:58:48.411 CET" Interest="1.0" Kind="command" Navigation="" OriginId="org.eclipse.ui.workbench" StartDate="2011-11-11 11:58:48.411 CET" StructureHandle="local-4" StructureKind="activation"/><InteractionEvent Delta="deactivated" EndDate="2011-11-11 11:58:50.967 CET" Interest="1.0" Kind="command" Navigation="" OriginId="org.eclipse.ui.workbench" StartDate="2011-11-11 11:58:50.967 CET" StructureHandle="local-4" StructureKind="activation"/><InteractionEvent Delta="added" EndDate="2011-11-11 11:59:09.786 CET" Interest="1.0" Kind="attention" Navigation="" OriginId="org.eclipse.ui.workbench" StartDate="2011-11-11 11:58:39.738 CET" StructureHandle="none" StructureKind="workingset"/><InteractionEvent Delta="added" EndDate="2011-11-11 12:04:44.739 CET" Interest="1.0" Kind="attention" Navigation="" OriginId="org.eclipse.ui.workbench" StartDate="2011-11-11 12:01:14.578 CET" StructureHandle="none" StructureKind="workingset"/></InteractionHistory>