<?xml version="1.0" encoding="UTF-8"?><InteractionHistory Id="local-7" Version="1"><InteractionEvent Delta="null" EndDate="2011-11-21 08:00:03.498 CET" Interest="1540.4327" Kind="propagation" Navigation="org.eclipse.mylyn.core.model.edges.containment" OriginId="org.eclipse.mylyn.core.model.interest.propagation" StartDate="2011-11-18 09:56:01.759 CET" StructureHandle="" StructureKind="java" NumEvents="1710" CreationCount="2"/><InteractionEvent Delta="null" EndDate="2011-11-16 18:58:20.182 CET" Interest="1.0" Kind="propagation" Navigation="org.eclipse.mylyn.core.model.edges.containment" OriginId="org.eclipse.mylyn.core.model.interest.propagation" StartDate="2011-11-16 18:58:20.182 CET" StructureHandle="/measurementDriver/src/ch/ethz/ruediste" StructureKind="resource"/><InteractionEvent Delta="null" EndDate="2011-11-18 18:24:07.634 CET" Interest="1.0" Kind="propagation" Navigation="null" OriginId="org.eclipse.mylyn.resources.ui.interest.updater" StartDate="2011-11-18 18:24:07.634 CET" StructureHandle="/measuringCore/src/baseClasses" StructureKind="resource"/><InteractionEvent Delta="null" EndDate="2011-11-16 18:58:20.182 CET" Interest="1.0" Kind="propagation" Navigation="org.eclipse.mylyn.core.model.edges.containment" OriginId="org.eclipse.mylyn.core.model.interest.propagation" StartDate="2011-11-16 18:58:20.182 CET" StructureHandle="/measurementDriver/src/ch/ethz" StructureKind="resource"/><InteractionEvent Delta="null" EndDate="2011-11-17 10:51:44.662 CET" Interest="1.0" Kind="propagation" Navigation="null" OriginId="org.eclipse.mylyn.resources.ui.interest.updater" StartDate="2011-11-17 10:51:44.662 CET" StructureHandle="/measuringCore/Debug/src/utils.d" StructureKind="resource"/><InteractionEvent Delta="null" EndDate="2011-11-19 09:52:17.89 CET" Interest="11.0" Kind="prediction" Navigation="null" OriginId="org.eclipse.mylyn.resources.ui.interest.updater" StartDate="2011-11-18 21:37:53.712 CET" StructureHandle="/measuringCore/Debug/src/utils.d" StructureKind="resource" NumEvents="11" CreationCount="521"/><InteractionEvent Delta="null" EndDate="2011-11-18 21:35:46.964 CET" Interest="112.23799" Kind="propagation" Navigation="org.eclipse.mylyn.core.model.edges.containment" OriginId="org.eclipse.mylyn.core.model.interest.propagation" StartDate="2011-11-17 20:26:43.956 CET" StructureHandle="/measuringCore/Debug/src/generatedC" StructureKind="resource" NumEvents="86" CreationCount="140"/><InteractionEvent Delta="null" EndDate="2011-11-17 09:57:09.216 CET" Interest="1.0" Kind="propagation" Navigation="null" OriginId="org.eclipse.mylyn.resources.ui.interest.updater" StartDate="2011-11-17 09:57:09.216 CET" StructureHandle="/measuringCore/src/utils.h" StructureKind="resource"/><InteractionEvent Delta="null" EndDate="2011-11-17 16:52:52.101 CET" Interest="1144.0" Kind="edit" Navigation="null" OriginId="org.eclipse.cdt.ui.editor.CEditor" StartDate="2011-11-19 09:10:15.96 CET" StructureHandle="/measuringCore/src/utils.h" StructureKind="resource" NumEvents="1144" CreationCount="1"/><InteractionEvent Delta="null" EndDate="2011-11-17 10:51:37.605 CET" Interest="70.0" Kind="selection" Navigation="null" OriginId="org.eclipse.cdt.ui.editor.CEditor" StartDate="2011-11-19 09:45:12.545 CET" StructureHandle="/measuringCore/src/utils.h" StructureKind="resource" NumEvents="70" CreationCount="1"/><InteractionEvent Delta="null" EndDate="2011-11-21 08:08:04.994 CET" Interest="113.83599" Kind="propagation" Navigation="org.eclipse.mylyn.core.model.edges.containment" OriginId="org.eclipse.mylyn.core.model.interest.propagation" StartDate="2011-11-18 21:39:50.915 CET" StructureHandle="/measuringCore/Debug/src" StructureKind="resource" NumEvents="158" CreationCount="46"/><InteractionEvent Delta="null" EndDate="2011-11-17 16:44:56.519 CET" Interest="4.0" Kind="prediction" Navigation="null" OriginId="org.eclipse.mylyn.resources.ui.interest.updater" StartDate="2011-11-17 09:57:11.156 CET" StructureHandle="/measuringCore/Debug/objects.mk" StructureKind="resource" NumEvents="4" CreationCount="3678"/><InteractionEvent Delta="null" EndDate="2011-11-17 16:49:30.908 CET" Interest="9.0" Kind="edit" Navigation="null" OriginId="org.eclipse.cdt.ui.editor.CEditor" StartDate="2011-11-17 16:50:14.937 CET" StructureHandle="/measuringCore/src/KernelBase.h" StructureKind="resource" NumEvents="9" CreationCount="505"/><InteractionEvent Delta="null" EndDate="2011-11-17 16:49:30.851 CET" Interest="1.0" Kind="selection" Navigation="null" OriginId="org.eclipse.cdt.ui.editor.CEditor" StartDate="2011-11-17 16:49:30.851 CET" StructureHandle="/measuringCore/src/KernelBase.h" StructureKind="resource"/><InteractionEvent Delta="null" EndDate="2011-11-17 20:51:51.878 CET" Interest="4.0" Kind="edit" Navigation="null" OriginId="org.eclipse.cdt.ui.editor.CEditor" StartDate="2011-11-17 20:57:41.366 CET" StructureHandle="/measuringCore/src/generatedC/MeasurementDescription.h" StructureKind="resource" NumEvents="4" CreationCount="791"/><InteractionEvent Delta="null" EndDate="2011-11-17 20:52:41.385 CET" Interest="4.0" Kind="selection" Navigation="null" OriginId="org.eclipse.cdt.ui.editor.CEditor" StartDate="2011-11-17 20:57:41.305 CET" StructureHandle="/measuringCore/src/generatedC/MeasurementDescription.h" StructureKind="resource" NumEvents="4" CreationCount="791"/><InteractionEvent Delta="null" EndDate="2011-11-17 16:45:12.727 CET" Interest="2.0" Kind="propagation" Navigation="null" OriginId="org.eclipse.mylyn.resources.ui.interest.updater" StartDate="2011-11-18 18:25:38.597 CET" StructureHandle="/measuringCore/Debug/src/generatedC/MultiLanguageSerializationService.o" StructureKind="resource" NumEvents="2" CreationCount="1137"/><InteractionEvent Delta="null" EndDate="2011-11-16 19:13:10.802 CET" Interest="2.0" Kind="prediction" Navigation="null" OriginId="org.eclipse.mylyn.resources.ui.interest.updater" StartDate="2011-11-16 19:06:33.749 CET" StructureHandle="/measuringCore/Debug/src/MeasurementSchemeBase.d" StructureKind="resource" NumEvents="2" CreationCount="57"/><InteractionEvent Delta="null" EndDate="2011-11-18 09:57:15.332 CET" Interest="2.0" Kind="prediction" Navigation="null" OriginId="org.eclipse.mylyn.resources.ui.interest.updater" StartDate="2011-11-17 20:58:46.347 CET" StructureHandle="/measuringCore/Debug/output" StructureKind="resource" NumEvents="2" CreationCount="3669"/><InteractionEvent Delta="null" EndDate="2011-11-21 08:08:04.993 CET" Interest="113.0" Kind="prediction" Navigation="null" OriginId="org.eclipse.mylyn.resources.ui.interest.updater" StartDate="2011-11-17 10:51:43.193 CET" StructureHandle="/measuringCore/Debug/sources.mk" StructureKind="resource" NumEvents="98" CreationCount="41"/><InteractionEvent Delta="null" EndDate="2011-11-21 08:03:30.67 CET" Interest="744.632" Kind="propagation" Navigation="org.eclipse.mylyn.core.model.edges.containment" OriginId="org.eclipse.mylyn.core.model.interest.propagation" StartDate="2011-11-18 21:25:23.598 CET" StructureHandle="/measuringCore/src/typeRegistry" StructureKind="resource" NumEvents="1041" CreationCount="9"/><InteractionEvent Delta="null" EndDate="2011-11-17 16:50:15.8 CET" Interest="13.0" Kind="edit" Navigation="null" OriginId="org.eclipse.cdt.ui.editor.CEditor" StartDate="2011-11-17 16:49:24.645 CET" StructureHandle="/measuringCore/src/MeasurerBase.h" StructureKind="resource" NumEvents="13" CreationCount="20"/><InteractionEvent Delta="null" EndDate="2011-11-17 16:49:10.91 CET" Interest="3.0" Kind="selection" Navigation="null" OriginId="org.eclipse.cdt.ui.editor.CEditor" StartDate="2011-11-17 16:50:14.969 CET" StructureHandle="/measuringCore/src/MeasurerBase.h" StructureKind="resource" NumEvents="3" CreationCount="20"/><InteractionEvent Delta="null" EndDate="2011-11-21 08:08:08.349 CET" Interest="78.0" Kind="propagation" Navigation="null" OriginId="org.eclipse.mylyn.resources.ui.interest.updater" StartDate="2011-11-18 09:57:02.508 CET" StructureHandle="/measuringCore/Debug/src/kernels/MemoryLoadKernel.o" StructureKind="resource" NumEvents="68" CreationCount="72"/><InteractionEvent Delta="null" EndDate="2011-11-17 21:04:00.361 CET" Interest="1.0" Kind="propagation" Navigation="null" OriginId="org.eclipse.mylyn.resources.ui.interest.updater" StartDate="2011-11-17 21:04:00.361 CET" StructureHandle="/measurementDriver/measurementResults.xml" StructureKind="resource"/><InteractionEvent Delta="null" EndDate="2011-11-18 09:57:15.332 CET" Interest="1.0" Kind="prediction" Navigation="null" OriginId="org.eclipse.mylyn.resources.ui.interest.updater" StartDate="2011-11-18 09:57:15.332 CET" StructureHandle="/measurementDriver/measurementResults.xml" StructureKind="resource"/><InteractionEvent Delta="null" EndDate="2011-11-16 19:07:36.748 CET" Interest="1.0" Kind="edit" Navigation="null" OriginId="org.eclipse.cdt.ui.editor.CEditor" StartDate="2011-11-16 19:07:36.748 CET" StructureHandle="/measuringCore/src/MeasurementSchemeBase.cpp" StructureKind="resource"/><InteractionEvent Delta="null" EndDate="2011-11-16 19:07:36.691 CET" Interest="1.0" Kind="selection" Navigation="null" OriginId="org.eclipse.cdt.ui.editor.CEditor" StartDate="2011-11-16 19:07:36.691 CET" StructureHandle="/measuringCore/src/MeasurementSchemeBase.cpp" StructureKind="resource"/><InteractionEvent Delta="null" EndDate="2011-11-21 08:08:04.995 CET" Interest="7424.0205" Kind="propagation" Navigation="null" OriginId="org.eclipse.mylyn.resources.ui.interest.updater" StartDate="2011-11-17 11:30:42.57 CET" StructureHandle="/" StructureKind="resource" NumEvents="6363" CreationCount="0"/><InteractionEvent Delta="null" EndDate="2011-11-18 18:29:03.890 CET" Interest="1.0" Kind="propagation" Navigation="null" OriginId="org.eclipse.mylyn.resources.ui.interest.updater" StartDate="2011-11-18 18:29:03.890 CET" StructureHandle="/measuringCore/src/typeRegistry/concepts.h" StructureKind="resource"/><InteractionEvent Delta="null" EndDate="2011-11-21 08:03:30.66 CET" Interest="981.0" Kind="edit" Navigation="null" OriginId="org.eclipse.cdt.ui.editor.CEditor" StartDate="2011-11-18 19:02:04.604 CET" StructureHandle="/measuringCore/src/typeRegistry/concepts.h" StructureKind="resource" NumEvents="981" CreationCount="5"/><InteractionEvent Delta="null" EndDate="2011-11-21 08:02:17.18 CET" Interest="57.0" Kind="selection" Navigation="null" OriginId="org.eclipse.cdt.ui.editor.CEditor" StartDate="2011-11-18 21:39:46.303 CET" StructureHandle="/measuringCore/src/typeRegistry/concepts.h" StructureKind="resource" NumEvents="57" CreationCount="5"/><InteractionEvent Delta="null" EndDate="2011-11-16 18:58:20.181 CET" Interest="1.0" Kind="propagation" Navigation="null" OriginId="org.eclipse.ui.navigator.ProjectExplorer" StartDate="2011-11-16 18:58:20.181 CET" StructureHandle="/measurementDriver/src/ch/ethz/ruediste/roofline/measurementDriver/Main.java" StructureKind="resource"/><InteractionEvent Delta="null" EndDate="2011-11-17 19:11:25.453 CET" Interest="1539.2155" Kind="propagation" Navigation="org.eclipse.mylyn.core.model.edges.containment" OriginId="org.eclipse.mylyn.core.model.interest.propagation" StartDate="2011-11-17 11:03:25.700 CET" StructureHandle="/measuringCore/src" StructureKind="resource" NumEvents="1704" CreationCount="6"/><InteractionEvent Delta="null" EndDate="2011-11-17 16:43:26.521 CET" Interest="1.0" Kind="propagation" Navigation="null" OriginId="org.eclipse.mylyn.resources.ui.interest.updater" StartDate="2011-11-17 16:43:26.521 CET" StructureHandle="/measuringCore/src/PolymorphicBase" StructureKind="resource"/><InteractionEvent Delta="null" EndDate="2011-11-17 16:43:30.759 CET" Interest="5.0" Kind="selection" Navigation="null" OriginId="org.eclipse.ui.navigator.ProjectExplorer" StartDate="2011-11-17 16:43:30.921 CET" StructureHandle="/measuringCore/src/PolymorphicBase" StructureKind="resource" NumEvents="5" CreationCount="1635"/><InteractionEvent Delta="null" EndDate="2011-11-16 18:58:20.182 CET" Interest="1.0" Kind="propagation" Navigation="org.eclipse.mylyn.core.model.edges.containment" OriginId="org.eclipse.mylyn.core.model.interest.propagation" StartDate="2011-11-16 18:58:20.182 CET" StructureHandle="=measurementDriver/src" StructureKind="java"/><InteractionEvent Delta="null" EndDate="2011-11-17 10:51:09.957 CET" Interest="1.0" Kind="propagation" Navigation="null" OriginId="org.eclipse.mylyn.resources.ui.interest.updater" StartDate="2011-11-17 10:51:09.957 CET" StructureHandle="/measuringCore/src/utils.cpp" StructureKind="resource"/><InteractionEvent Delta="null" EndDate="2011-11-17 10:54:00.91 CET" Interest="77.0" Kind="edit" Navigation="null" OriginId="org.eclipse.cdt.ui.editor.CEditor" StartDate="2011-11-17 10:53:58.91 CET" StructureHandle="/measuringCore/src/utils.cpp" StructureKind="resource" NumEvents="77" CreationCount="3"/><InteractionEvent Delta="null" EndDate="2011-11-17 10:51:10.206 CET" Interest="21.0" Kind="selection" Navigation="null" OriginId="org.eclipse.cdt.ui.editor.CEditor" StartDate="2011-11-17 11:11:56.848 CET" StructureHandle="/measuringCore/src/utils.cpp" StructureKind="resource" NumEvents="21" CreationCount="3"/><InteractionEvent Delta="null" EndDate="2011-11-17 21:03:46.416 CET" Interest="1.0" Kind="prediction" Navigation="null" OriginId="org.eclipse.mylyn.resources.ui.interest.updater" StartDate="2011-11-17 21:03:46.416 CET" StructureHandle="/measurementDriver/measurement.xml" StructureKind="resource"/><InteractionEvent Delta="null" EndDate="2011-11-16 18:58:20.181 CET" Interest="1.0" Kind="propagation" Navigation="org.eclipse.mylyn.core.model.edges.containment" OriginId="org.eclipse.mylyn.core.model.interest.propagation" StartDate="2011-11-16 18:58:20.181 CET" StructureHandle="/measurementDriver/src/ch/ethz/ruediste/roofline/measurementDriver" StructureKind="resource"/><InteractionEvent Delta="null" EndDate="2011-11-17 17:15:20.149 CET" Interest="111.405" Kind="propagation" Navigation="org.eclipse.mylyn.core.model.edges.containment" OriginId="org.eclipse.mylyn.core.model.interest.propagation" StartDate="2011-11-18 20:55:03.885 CET" StructureHandle="/measuringCore/Debug/src/kernels" StructureKind="resource" NumEvents="92" CreationCount="50"/><InteractionEvent Delta="null" EndDate="2011-11-17 16:45:05.756 CET" Interest="1.0" Kind="propagation" Navigation="null" OriginId="org.eclipse.mylyn.resources.ui.interest.updater" StartDate="2011-11-17 16:45:05.756 CET" StructureHandle="/measuringCore/src/PolymorphicBase.cpp" StructureKind="resource"/><InteractionEvent Delta="null" EndDate="2011-11-17 16:45:06.536 CET" Interest="2.0" Kind="edit" Navigation="null" OriginId="org.eclipse.cdt.ui.editor.CEditor" StartDate="2011-11-17 16:45:30.139 CET" StructureHandle="/measuringCore/src/PolymorphicBase.cpp" StructureKind="resource" NumEvents="2" CreationCount="1284"/><InteractionEvent Delta="null" EndDate="2011-11-17 16:45:06.415 CET" Interest="2.0" Kind="selection" Navigation="null" OriginId="org.eclipse.cdt.ui.editor.CEditor" StartDate="2011-11-17 16:45:30.87 CET" StructureHandle="/measuringCore/src/PolymorphicBase.cpp" StructureKind="resource" NumEvents="2" CreationCount="1284"/><InteractionEvent Delta="null" EndDate="2011-11-17 10:51:44.662 CET" Interest="10.0" Kind="propagation" Navigation="null" OriginId="org.eclipse.mylyn.resources.ui.interest.updater" StartDate="2011-11-18 20:37:11.181 CET" StructureHandle="/measuringCore/Debug/src/utils.o" StructureKind="resource" NumEvents="10" CreationCount="925"/><InteractionEvent Delta="null" EndDate="2011-11-17 10:54:05.9 CET" Interest="2.0" Kind="prediction" Navigation="null" OriginId="org.eclipse.mylyn.resources.ui.interest.updater" StartDate="2011-11-17 11:12:44.68 CET" StructureHandle="/measuringCore/Debug/src/utils.o" StructureKind="resource" NumEvents="2" CreationCount="925"/><InteractionEvent Delta="null" EndDate="2011-11-16 18:58:20.181 CET" Interest="1.0" Kind="selection" Navigation="null" OriginId="org.eclipse.ui.navigator.ProjectExplorer" StartDate="2011-11-16 18:58:20.181 CET" StructureHandle="=measurementDriver/src&amp;lt;ch.ethz.ruediste.roofline.measurementDriver{Main.java" StructureKind="java"/><InteractionEvent Delta="null" EndDate="2011-11-17 18:31:55.534 CET" Interest="1538.2117" Kind="propagation" Navigation="org.eclipse.mylyn.core.model.edges.containment" OriginId="org.eclipse.mylyn.core.model.interest.propagation" StartDate="2011-11-17 18:34:23.131 CET" StructureHandle="=measuringCore" StructureKind="java" NumEvents="1704" CreationCount="15"/><InteractionEvent Delta="null" EndDate="2011-11-16 19:47:02.481 CET" Interest="2.0" Kind="selection" Navigation="null" OriginId="org.eclipse.ui.navigator.ProjectExplorer" StartDate="2011-11-18 18:23:13.226 CET" StructureHandle="=measuringCore" StructureKind="java" NumEvents="2" CreationCount="15"/><InteractionEvent Delta="null" EndDate="2011-11-21 08:08:04.993 CET" Interest="112.0" Kind="prediction" Navigation="null" OriginId="org.eclipse.mylyn.resources.ui.interest.updater" StartDate="2011-11-18 21:37:18.318 CET" StructureHandle="/measuringCore/Debug/src/subdir.mk" StructureKind="resource" NumEvents="97" CreationCount="95"/><InteractionEvent Delta="null" EndDate="2011-11-16 19:14:48.239 CET" Interest="61.0" Kind="edit" Navigation="null" OriginId="org.eclipse.cdt.ui.editor.CEditor" StartDate="2011-11-16 18:58:33.491 CET" StructureHandle="/measuringCore/src/MeasurementSchemeBase.h" StructureKind="resource" NumEvents="61" CreationCount="2"/><InteractionEvent Delta="null" EndDate="2011-11-16 19:14:47.680 CET" Interest="6.0" Kind="selection" Navigation="null" OriginId="org.eclipse.cdt.ui.editor.CEditor" StartDate="2011-11-16 18:58:33.407 CET" StructureHandle="/measuringCore/src/MeasurementSchemeBase.h" StructureKind="resource" NumEvents="6" CreationCount="2"/><InteractionEvent Delta="null" EndDate="2011-11-18 19:02:30.560 CET" Interest="1.0" Kind="propagation" Navigation="null" OriginId="org.eclipse.mylyn.resources.ui.interest.updater" StartDate="2011-11-18 19:02:30.560 CET" StructureHandle="/measuringCore/src/typeRegistry/concepts.cpp" StructureKind="resource"/><InteractionEvent Delta="null" EndDate="2011-11-21 08:03:59.928 CET" Interest="390.0" Kind="edit" Navigation="null" OriginId="org.eclipse.cdt.ui.editor.CEditor" StartDate="2011-11-18 19:34:58.199 CET" StructureHandle="/measuringCore/src/typeRegistry/concepts.cpp" StructureKind="resource" NumEvents="390" CreationCount="4"/><InteractionEvent Delta="null" EndDate="2011-11-21 08:03:59.434 CET" Interest="63.0" Kind="selection" Navigation="null" OriginId="org.eclipse.cdt.ui.editor.CEditor" StartDate="2011-11-18 19:45:40.856 CET" StructureHandle="/measuringCore/src/typeRegistry/concepts.cpp" StructureKind="resource" NumEvents="63" CreationCount="4"/><InteractionEvent Delta="null" EndDate="2011-11-17 11:39:42.224 CET" Interest="3.0" Kind="edit" Navigation="null" OriginId="org.eclipse.cdt.ui.editor.CEditor" StartDate="2011-11-17 16:45:58.56 CET" StructureHandle="/measuringCore/src/MultiLanguageIncludes.h" StructureKind="resource" NumEvents="3" CreationCount="878"/><InteractionEvent Delta="null" EndDate="2011-11-17 16:45:58.1 CET" Interest="2.0" Kind="selection" Navigation="null" OriginId="org.eclipse.cdt.ui.editor.CEditor" StartDate="2011-11-17 11:39:39.148 CET" StructureHandle="/measuringCore/src/MultiLanguageIncludes.h" StructureKind="resource" NumEvents="2" CreationCount="878"/><InteractionEvent Delta="null" EndDate="2011-11-18 10:32:01.920 CET" Interest="38.730003" Kind="manipulation" Navigation="null" OriginId="org.eclipse.mylyn.core.model.interest.decay.correction" StartDate="2011-11-17 11:14:32.474 CET" StructureHandle="/measuringCore/src/TypeRegisterer.h" StructureKind="resource" NumEvents="3" CreationCount="8"/><InteractionEvent Delta="null" EndDate="2011-11-17 11:14:41.677 CET" Interest="40.0" Kind="edit" Navigation="null" OriginId="org.eclipse.cdt.ui.editor.CEditor" StartDate="2011-11-17 11:20:00.317 CET" StructureHandle="/measuringCore/src/TypeRegisterer.h" StructureKind="resource" NumEvents="36" CreationCount="8"/><InteractionEvent Delta="null" EndDate="2011-11-17 11:18:24.791 CET" Interest="14.0" Kind="selection" Navigation="null" OriginId="org.eclipse.cdt.ui.editor.CEditor" StartDate="2011-11-17 16:46:14.664 CET" StructureHandle="/measuringCore/src/TypeRegisterer.h" StructureKind="resource" NumEvents="11" CreationCount="8"/><InteractionEvent Delta="null" EndDate="2011-11-18 10:19:59.277 CET" Interest="1.0" Kind="prediction" Navigation="null" OriginId="org.eclipse.mylyn.resources.ui.interest.updater" StartDate="2011-11-18 10:19:59.277 CET" StructureHandle="/measuringCore/Debug/src/PolymorphicBase.d" StructureKind="resource"/><InteractionEvent Delta="null" EndDate="2011-11-18 10:19:59.283 CET" Interest="1.0" Kind="propagation" Navigation="null" OriginId="org.eclipse.mylyn.resources.ui.interest.updater" StartDate="2011-11-18 10:19:59.283 CET" StructureHandle="/measuringCore/Debug/src/PolymorphicBase.o" StructureKind="resource"/><InteractionEvent Delta="null" EndDate="2011-11-21 08:08:08.348 CET" Interest="68.0" Kind="prediction" Navigation="null" OriginId="org.eclipse.mylyn.resources.ui.interest.updater" StartDate="2011-11-18 21:31:25.125 CET" StructureHandle="/measuringCore/Debug/src/main.d" StructureKind="resource" NumEvents="61" CreationCount="154"/><InteractionEvent Delta="null" EndDate="2011-11-21 08:08:04.995 CET" Interest="7418.0" Kind="propagation" Navigation="null" OriginId="org.eclipse.mylyn.resources.ui.interest.updater" StartDate="2011-11-17 11:04:27.52 CET" StructureHandle="/measuringCore" StructureKind="resource" NumEvents="6357" CreationCount="0"/><InteractionEvent Delta="null" EndDate="2011-11-18 09:08:40.880 CET" Interest="112.0" Kind="prediction" Navigation="null" OriginId="org.eclipse.mylyn.resources.ui.interest.updater" StartDate="2011-11-18 18:24:42.745 CET" StructureHandle="/measuringCore/Debug/src/kernels/subdir.mk" StructureKind="resource" NumEvents="97" CreationCount="169"/><InteractionEvent Delta="null" EndDate="2011-11-21 08:08:04.993 CET" Interest="113.0" Kind="prediction" Navigation="null" OriginId="org.eclipse.mylyn.resources.ui.interest.updater" StartDate="2011-11-18 21:08:17.454 CET" StructureHandle="/measuringCore/Debug/src/generatedC/subdir.mk" StructureKind="resource" NumEvents="98" CreationCount="79"/><InteractionEvent Delta="null" EndDate="2011-11-21 08:08:08.349 CET" Interest="77.0" Kind="propagation" Navigation="null" OriginId="org.eclipse.mylyn.resources.ui.interest.updater" StartDate="2011-11-17 10:53:05.138 CET" StructureHandle="/measuringCore/Debug/measuringCore" StructureKind="resource" NumEvents="71" CreationCount="53"/><InteractionEvent Delta="null" EndDate="2011-11-18 19:45:35.501 CET" Interest="11.0" Kind="prediction" Navigation="null" OriginId="org.eclipse.mylyn.resources.ui.interest.updater" StartDate="2011-11-18 20:47:43.913 CET" StructureHandle="/measuringCore/Debug/measuringCore" StructureKind="resource" NumEvents="11" CreationCount="53"/><InteractionEvent Delta="null" EndDate="2011-11-16 19:06:33.750 CET" Interest="1.0" Kind="propagation" Navigation="null" OriginId="org.eclipse.mylyn.resources.ui.interest.updater" StartDate="2011-11-16 19:06:33.750 CET" StructureHandle="/measuringCore/Debug/src/MeasurementSchemeBase.o" StructureKind="resource"/><InteractionEvent Delta="null" EndDate="2011-11-16 19:13:10.801 CET" Interest="1.0" Kind="prediction" Navigation="null" OriginId="org.eclipse.mylyn.resources.ui.interest.updater" StartDate="2011-11-16 19:13:10.801 CET" StructureHandle="/measuringCore/Debug/src/MeasurementSchemeBase.o" StructureKind="resource"/><InteractionEvent Delta="null" EndDate="2011-11-17 16:45:09.90 CET" Interest="1.0" Kind="propagation" Navigation="null" OriginId="org.eclipse.mylyn.resources.ui.interest.updater" StartDate="2011-11-17 16:45:09.90 CET" StructureHandle="/measuringCore/Debug/src/kernels/MemoryLoadKernel.d" StructureKind="resource"/><InteractionEvent Delta="null" EndDate="2011-11-21 08:08:08.348 CET" Interest="77.0" Kind="prediction" Navigation="null" OriginId="org.eclipse.mylyn.resources.ui.interest.updater" StartDate="2011-11-17 16:43:29.247 CET" StructureHandle="/measuringCore/Debug/src/kernels/MemoryLoadKernel.d" StructureKind="resource" NumEvents="67" CreationCount="220"/><InteractionEvent Delta="null" EndDate="2011-11-16 18:58:20.182 CET" Interest="1.0" Kind="propagation" Navigation="org.eclipse.mylyn.core.model.edges.containment" OriginId="org.eclipse.mylyn.core.model.interest.propagation" StartDate="2011-11-16 18:58:20.182 CET" StructureHandle="=measurementDriver/src&amp;lt;ch.ethz.ruediste.roofline.measurementDriver" StructureKind="java"/><InteractionEvent Delta="null" EndDate="2011-11-18 09:57:15.332 CET" Interest="2.0" Kind="prediction" Navigation="null" OriginId="org.eclipse.mylyn.resources.ui.interest.updater" StartDate="2011-11-17 21:04:00.360 CET" StructureHandle="/measuringCore/Debug/config" StructureKind="resource" NumEvents="2" CreationCount="1658"/><InteractionEvent Delta="null" EndDate="2011-11-16 19:56:21.290 CET" Interest="12.784" Kind="manipulation" Navigation="null" OriginId="org.eclipse.mylyn.core.model.interest.decay.correction" StartDate="2011-11-17 20:50:34.307 CET" StructureHandle="/measuringCore/src/main.cpp" StructureKind="resource" NumEvents="2" CreationCount="170"/><InteractionEvent Delta="null" EndDate="2011-11-17 10:07:34.351 CET" Interest="90.0" Kind="edit" Navigation="null" OriginId="org.eclipse.cdt.ui.editor.CEditor" StartDate="2011-11-18 18:25:43.361 CET" StructureHandle="/measuringCore/src/main.cpp" StructureKind="resource" NumEvents="36" CreationCount="170"/><InteractionEvent Delta="null" EndDate="2011-11-16 20:18:28.163 CET" Interest="19.0" Kind="selection" Navigation="null" OriginId="org.eclipse.cdt.ui.editor.CEditor" StartDate="2011-11-17 20:52:39.462 CET" StructureHandle="/measuringCore/src/main.cpp" StructureKind="resource" NumEvents="14" CreationCount="170"/><InteractionEvent Delta="null" EndDate="2011-11-17 16:45:12.727 CET" Interest="1.0" Kind="propagation" Navigation="null" OriginId="org.eclipse.mylyn.resources.ui.interest.updater" StartDate="2011-11-17 16:45:12.727 CET" StructureHandle="/measuringCore/Debug/src/generatedC/MultiLanguageSerializationService.d" StructureKind="resource"/><InteractionEvent Delta="null" EndDate="2011-11-18 18:25:38.596 CET" Interest="1.0" Kind="prediction" Navigation="null" OriginId="org.eclipse.mylyn.resources.ui.interest.updater" StartDate="2011-11-18 18:25:38.596 CET" StructureHandle="/measuringCore/Debug/src/generatedC/MultiLanguageSerializationService.d" StructureKind="resource"/><InteractionEvent Delta="null" EndDate="2011-11-17 20:50:38.904 CET" Interest="2.0" Kind="prediction" Navigation="null" OriginId="org.eclipse.mylyn.resources.ui.interest.updater" StartDate="2011-11-17 20:58:25.709 CET" StructureHandle="/measuringCore/measuringCore Debug.launch" StructureKind="resource" NumEvents="2" CreationCount="4822"/><InteractionEvent Delta="null" EndDate="2011-11-18 18:28:35.702 CET" Interest="207.129" Kind="manipulation" Navigation="null" OriginId="org.eclipse.mylyn.ui.interest.user" StartDate="2011-11-18 18:28:35.702 CET" StructureHandle="/measuringCore/src/typeRegistry/TypeRegistry.h" StructureKind="resource"/><InteractionEvent Delta="null" EndDate="2011-11-19 08:28:21.988 CET" Interest="190.0" Kind="edit" Navigation="null" OriginId="org.eclipse.cdt.ui.editor.CEditor" StartDate="2011-11-19 08:17:15.516 CET" StructureHandle="/measuringCore/src/typeRegistry/TypeRegistry.h" StructureKind="resource" NumEvents="190" CreationCount="57"/><InteractionEvent Delta="null" EndDate="2011-11-18 19:38:05.368 CET" Interest="11.0" Kind="selection" Navigation="null" OriginId="org.eclipse.cdt.ui.editor.CEditor" StartDate="2011-11-18 21:31:35.860 CET" StructureHandle="/measuringCore/src/typeRegistry/TypeRegistry.h" StructureKind="resource" NumEvents="11" CreationCount="57"/><InteractionEvent Delta="null" EndDate="2011-11-16 18:58:20.182 CET" Interest="1.0" Kind="propagation" Navigation="org.eclipse.mylyn.core.model.edges.containment" OriginId="org.eclipse.mylyn.core.model.interest.propagation" StartDate="2011-11-16 18:58:20.182 CET" StructureHandle="/measurementDriver/src/ch" StructureKind="resource"/><InteractionEvent Delta="null" EndDate="2011-11-18 09:05:26.144 CET" Interest="2116.0" Kind="edit" Navigation="null" OriginId="org.eclipse.cdt.ui.editor.CEditor" StartDate="2011-11-18 08:30:49.804 CET" StructureHandle="/measuringCore/src/TypeRegistryEntry.h" StructureKind="resource" NumEvents="1959" CreationCount="2"/><InteractionEvent Delta="null" EndDate="2011-11-17 09:56:16.637 CET" Interest="58.0" Kind="selection" Navigation="null" OriginId="org.eclipse.cdt.ui.editor.CEditor" StartDate="2011-11-17 11:17:14.38 CET" StructureHandle="/measuringCore/src/TypeRegistryEntry.h" StructureKind="resource" NumEvents="48" CreationCount="2"/><InteractionEvent Delta="null" EndDate="2011-11-16 18:58:20.181 CET" Interest="1.0" Kind="propagation" Navigation="org.eclipse.mylyn.core.model.edges.containment" OriginId="org.eclipse.mylyn.core.model.interest.propagation" StartDate="2011-11-16 18:58:20.181 CET" StructureHandle="/measurementDriver/src/ch/ethz/ruediste/roofline" StructureKind="resource"/><InteractionEvent Delta="null" EndDate="2011-11-16 18:58:20.182 CET" Interest="1.0" Kind="propagation" Navigation="org.eclipse.mylyn.core.model.edges.containment" OriginId="org.eclipse.mylyn.core.model.interest.propagation" StartDate="2011-11-16 18:58:20.182 CET" StructureHandle="/measurementDriver/src" StructureKind="resource"/><InteractionEvent Delta="null" EndDate="2011-11-17 10:49:23.86 CET" Interest="583.0" Kind="edit" Navigation="null" OriginId="org.eclipse.cdt.ui.editor.CEditor" StartDate="2011-11-17 10:09:35.411 CET" StructureHandle="/measuringCore/src/TypeRegistry.h" StructureKind="resource" NumEvents="134" CreationCount="43"/><InteractionEvent Delta="null" EndDate="2011-11-17 20:57:42.670 CET" Interest="40.0" Kind="selection" Navigation="null" OriginId="org.eclipse.cdt.ui.editor.CEditor" StartDate="2011-11-17 09:57:22.466 CET" StructureHandle="/measuringCore/src/TypeRegistry.h" StructureKind="resource" NumEvents="29" CreationCount="43"/><InteractionEvent Delta="null" EndDate="2011-11-18 21:41:06.813 CET" Interest="17.164001" Kind="manipulation" Navigation="null" OriginId="org.eclipse.mylyn.core.model.interest.decay.correction" StartDate="2011-11-18 21:41:06.813 CET" StructureHandle="/measuringCore/src/typeRegistry/TypeRegisterer.h" StructureKind="resource"/><InteractionEvent Delta="null" EndDate="2011-11-18 21:44:41.867 CET" Interest="48.0" Kind="edit" Navigation="null" OriginId="org.eclipse.cdt.ui.editor.CEditor" StartDate="2011-11-18 21:43:12.162 CET" StructureHandle="/measuringCore/src/typeRegistry/TypeRegisterer.h" StructureKind="resource" NumEvents="48" CreationCount="108"/><InteractionEvent Delta="null" EndDate="2011-11-18 21:44:41.778 CET" Interest="7.0" Kind="selection" Navigation="null" OriginId="org.eclipse.cdt.ui.editor.CEditor" StartDate="2011-11-18 21:41:30.232 CET" StructureHandle="/measuringCore/src/typeRegistry/TypeRegisterer.h" StructureKind="resource" NumEvents="7" CreationCount="108"/><InteractionEvent Delta="null" EndDate="2011-11-21 08:08:04.994 CET" Interest="113.30899" Kind="propagation" Navigation="org.eclipse.mylyn.core.model.edges.containment" OriginId="org.eclipse.mylyn.core.model.interest.propagation" StartDate="2011-11-17 16:44:11.671 CET" StructureHandle="/measuringCore/Debug" StructureKind="resource" NumEvents="213" CreationCount="77"/><InteractionEvent Delta="null" EndDate="2011-11-21 08:08:08.349 CET" Interest="63.0" Kind="propagation" Navigation="null" OriginId="org.eclipse.mylyn.resources.ui.interest.updater" StartDate="2011-11-18 21:31:25.126 CET" StructureHandle="/measuringCore/Debug/src/main.o" StructureKind="resource" NumEvents="57" CreationCount="167"/><InteractionEvent Delta="null" EndDate="2011-11-17 20:51:27.201 CET" Interest="2.0" Kind="prediction" Navigation="null" OriginId="org.eclipse.mylyn.resources.ui.interest.updater" StartDate="2011-11-16 19:57:01.917 CET" StructureHandle="/measuringCore/Debug/src/main.o" StructureKind="resource" NumEvents="2" CreationCount="167"/><InteractionEvent Delta="null" EndDate="2011-11-17 21:03:46.416 CET" Interest="56.012005" Kind="propagation" Navigation="org.eclipse.mylyn.core.model.edges.containment" OriginId="org.eclipse.mylyn.core.model.interest.propagation" StartDate="2011-11-16 18:58:20.182 CET" StructureHandle="=measurementDriver" StructureKind="java" NumEvents="2" CreationCount="900"/><InteractionEvent Delta="null" EndDate="2011-11-21 08:08:04.993 CET" Interest="113.0" Kind="prediction" Navigation="null" OriginId="org.eclipse.mylyn.resources.ui.interest.updater" StartDate="2011-11-17 10:51:43.193 CET" StructureHandle="/measuringCore/Debug/makefile" StructureKind="resource" NumEvents="98" CreationCount="55"/><InteractionEvent Delta="null" EndDate="2011-11-17 20:57:42.26 CET" Interest="6.8" Kind="propagation" Navigation="org.eclipse.mylyn.core.model.edges.containment" OriginId="org.eclipse.mylyn.core.model.interest.propagation" StartDate="2011-11-17 20:52:20.503 CET" StructureHandle="/measuringCore/src/generatedC" StructureKind="resource" NumEvents="8" CreationCount="572"/><InteractionEvent Delta="null" EndDate="2011-11-17 16:43:37.524 CET" Interest="1.0" Kind="propagation" Navigation="null" OriginId="org.eclipse.mylyn.resources.ui.interest.updater" StartDate="2011-11-17 16:43:37.524 CET" StructureHandle="/measuringCore/src/PolymorphicBase.h" StructureKind="resource"/><InteractionEvent Delta="null" EndDate="2011-11-17 16:44:27.921 CET" Interest="31.0" Kind="edit" Navigation="null" OriginId="org.eclipse.cdt.ui.editor.CEditor" StartDate="2011-11-17 16:43:41.979 CET" StructureHandle="/measuringCore/src/PolymorphicBase.h" StructureKind="resource" NumEvents="31" CreationCount="36"/><InteractionEvent Delta="null" EndDate="2011-11-17 16:45:07.233 CET" Interest="4.0" Kind="selection" Navigation="null" OriginId="org.eclipse.cdt.ui.editor.CEditor" StartDate="2011-11-17 16:45:28.431 CET" StructureHandle="/measuringCore/src/PolymorphicBase.h" StructureKind="resource" NumEvents="4" CreationCount="36"/><InteractionEvent Delta="null" EndDate="2011-11-21 08:08:03.531 CET" Interest="461.0" Kind="edit" Navigation="null" OriginId="org.eclipse.cdt.ui.editor.CEditor" StartDate="2011-11-19 09:24:22.803 CET" StructureHandle="/measuringCore/src/typeRegistry/TypeRegistryEntry.h" StructureKind="resource" NumEvents="461" CreationCount="16"/><InteractionEvent Delta="null" EndDate="2011-11-21 08:05:11.27 CET" Interest="36.0" Kind="selection" Navigation="null" OriginId="org.eclipse.cdt.ui.editor.CEditor" StartDate="2011-11-18 21:40:41.88 CET" StructureHandle="/measuringCore/src/typeRegistry/TypeRegistryEntry.h" StructureKind="resource" NumEvents="36" CreationCount="16"/></InteractionHistory>