<?xml version="1.0" encoding="UTF-8"?><InteractionHistory Id="local-4" Version="1"><InteractionEvent Delta="null" EndDate="2011-11-11 11:58:49.765 CET" Interest="335.182" Kind="propagation" Navigation="org.eclipse.mylyn.core.model.edges.containment" OriginId="org.eclipse.mylyn.core.model.interest.propagation" StartDate="2011-11-11 10:55:36.431 CET" StructureHandle="" StructureKind="java" NumEvents="177" CreationCount="2"/><InteractionEvent Delta="null" EndDate="2011-11-11 10:58:15.738 CET" Interest="1.0" Kind="prediction" Navigation="null" OriginId="org.eclipse.mylyn.resources.ui.interest.updater" StartDate="2011-11-11 10:58:15.738 CET" StructureHandle="/multiLanguageClasses/generatedC/MemoryLoadKernelDescription.h" StructureKind="resource"/><InteractionEvent Delta="null" EndDate="2011-11-11 11:48:59.679 CET" Interest="165.0" Kind="propagation" Navigation="org.eclipse.mylyn.core.model.edges.containment" OriginId="org.eclipse.mylyn.core.model.interest.propagation" StartDate="2011-11-11 10:58:48.594 CET" StructureHandle="/measurementDriver/src/ch/ethz/ruediste" StructureKind="resource" NumEvents="165" CreationCount="56"/><InteractionEvent Delta="null" EndDate="2011-11-11 11:50:06.676 CET" Interest="1.0" Kind="selection" Navigation="null" OriginId="org.eclipse.jdt.ui.TypeHierarchy" StartDate="2011-11-11 11:50:06.676 CET" StructureHandle="=sharedDOM/\/usr\/lib\/jvm\/java-6-openjdk\/jre\/lib\/rt.jar&amp;lt;org.omg.CORBA.portable(OutputStream.class[OutputStream" StructureKind="java"/><InteractionEvent Delta="null" EndDate="2011-11-11 11:51:22.644 CET" Interest="2.7" Kind="propagation" Navigation="org.eclipse.mylyn.core.model.edges.containment" OriginId="org.eclipse.mylyn.core.model.interest.propagation" StartDate="2011-11-11 11:50:50.366 CET" StructureHandle="=lpf/\/usr\/lib\/jvm\/java-6-openjdk\/jre\/lib\/rt.jar" StructureKind="java" NumEvents="4" CreationCount="891"/><InteractionEvent Delta="null" EndDate="2011-11-11 11:46:21.509 CET" Interest="5.0" Kind="propagation" Navigation="null" OriginId="org.eclipse.jdt.ui.PackageExplorer" StartDate="2011-11-11 11:46:16.158 CET" StructureHandle="/sharedDOM/src/ch/ethz/ruediste/roofline/sharedDOM/unitTest/Serialization.java" StructureKind="resource" NumEvents="5" CreationCount="836"/><InteractionEvent Delta="null" EndDate="2011-11-11 11:49:35.150 CET" Interest="4.0" Kind="selection" Navigation="null" OriginId="org.eclipse.jdt.ui.PackageExplorer" StartDate="2011-11-11 11:43:52.370 CET" StructureHandle="=sharedDOM" StructureKind="java" NumEvents="4" CreationCount="4"/><InteractionEvent Delta="null" EndDate="2011-11-11 11:56:55.22 CET" Interest="331.148" Kind="propagation" Navigation="org.eclipse.mylyn.core.model.edges.containment" OriginId="org.eclipse.mylyn.core.model.interest.propagation" StartDate="2011-11-11 10:56:17.626 CET" StructureHandle="=sharedDOM" StructureKind="resource" NumEvents="328" CreationCount="4"/><InteractionEvent Delta="null" EndDate="2011-11-11 11:17:27.807 CET" Interest="1.0" Kind="selection" Navigation="null" OriginId="org.eclipse.jdt.ui.CompilationUnitEditor" StartDate="2011-11-11 11:17:27.807 CET" StructureHandle="=sharedDOM/generatedJava&amp;lt;ch.ethz.ruediste.roofline.sharedDOM{MultiLanguageSerializationService.java#" StructureKind="java"/><InteractionEvent Delta="null" EndDate="2011-11-11 11:17:29.350 CET" Interest="0.01700002" Kind="propagation" Navigation="org.eclipse.mylyn.core.model.edges.containment" OriginId="org.eclipse.mylyn.core.model.interest.propagation" StartDate="2011-11-11 11:17:29.350 CET" StructureHandle="=sharedDOM/generatedJava&amp;lt;ch.ethz.ruediste.roofline.sharedDOM{MultiLanguageSerializationService.java#" StructureKind="java"/><InteractionEvent Delta="null" EndDate="2011-11-11 11:58:49.765 CET" Interest="1.0" Kind="propagation" Navigation="null" OriginId="org.eclipse.jdt.ui.CompilationUnitEditor" StartDate="2011-11-11 11:58:49.765 CET" StructureHandle="/sharedDOM" StructureKind="resource"/><InteractionEvent Delta="null" EndDate="2011-11-11 11:10:20.321 CET" Interest="102.0" Kind="propagation" Navigation="org.eclipse.mylyn.core.model.edges.containment" OriginId="org.eclipse.mylyn.core.model.interest.propagation" StartDate="2011-11-11 11:06:02.337 CET" StructureHandle="/multiLanguageCodeGenerator/src/ch/ethz/ruediste" StructureKind="resource" NumEvents="102" CreationCount="90"/><InteractionEvent Delta="null" EndDate="2011-11-11 11:58:49.763 CET" Interest="133.153" Kind="propagation" Navigation="org.eclipse.mylyn.core.model.edges.containment" OriginId="org.eclipse.mylyn.core.model.interest.propagation" StartDate="2011-11-11 11:44:37.349 CET" StructureHandle="/sharedDOM/src/ch/ethz/ruediste" StructureKind="resource" NumEvents="134" CreationCount="835"/><InteractionEvent Delta="null" EndDate="2011-11-11 11:51:20.973 CET" Interest="1.0" Kind="propagation" Navigation="org.eclipse.mylyn.core.model.edges.containment" OriginId="org.eclipse.mylyn.core.model.interest.propagation" StartDate="2011-11-11 11:51:20.973 CET" StructureHandle="=lpf/\/usr\/lib\/jvm\/java-6-openjdk\/jre\/lib\/rt.jar&amp;lt;java.io" StructureKind="java"/><InteractionEvent Delta="null" EndDate="2011-11-11 11:17:25.648 CET" Interest="3.0" Kind="edit" Navigation="null" OriginId="org.eclipse.jdt.ui.CompilationUnitEditor" StartDate="2011-11-11 11:17:22.409 CET" StructureHandle="=sharedDOM/generatedJava&amp;lt;ch.ethz.ruediste.roofline.sharedDOM{MultiLanguageSerializationService.java[MultiLangageSerializationService~DeSerialize~QInputStream;" StructureKind="java" NumEvents="3" CreationCount="255"/><InteractionEvent Delta="null" EndDate="2011-11-11 11:17:18.897 CET" Interest="1.0" Kind="selection" Navigation="null" OriginId="org.eclipse.jdt.ui.CompilationUnitEditor" StartDate="2011-11-11 11:17:18.897 CET" StructureHandle="=sharedDOM/generatedJava&amp;lt;ch.ethz.ruediste.roofline.sharedDOM{MultiLanguageSerializationService.java[MultiLangageSerializationService~DeSerialize~QInputStream;" StructureKind="java"/><InteractionEvent Delta="null" EndDate="2011-11-11 11:50:20.307 CET" Interest="1.0" Kind="selection" Navigation="null" OriginId="org.eclipse.jdt.ui.TypeHierarchy" StartDate="2011-11-11 11:50:20.307 CET" StructureHandle="=sharedDOM/\/usr\/lib\/jvm\/java-6-openjdk\/jre\/lib\/rt.jar&amp;lt;java.io(OutputStream.class[OutputStream" StructureKind="java"/><InteractionEvent Delta="null" EndDate="2011-11-11 11:37:35.753 CET" Interest="6.1480002" Kind="propagation" Navigation="null" OriginId="org.eclipse.mylyn.resources.ui.interest.updater" StartDate="2011-11-11 10:56:17.622 CET" StructureHandle="/multiLanguageClasses/generatedJava/ch/ethz/ruediste/roofline/sharedDOM" StructureKind="resource" NumEvents="3" CreationCount="4"/><InteractionEvent Delta="null" EndDate="2011-11-11 11:10:20.321 CET" Interest="102.0" Kind="propagation" Navigation="null" OriginId="org.eclipse.jdt.ui.PackageExplorer" StartDate="2011-11-11 11:06:02.337 CET" StructureHandle="/multiLanguageCodeGenerator/src/ch/ethz/ruediste/roofline/multiLanguageCodeGenerator/javaGenerator/JavaCodeGenerator.java" StructureKind="resource" NumEvents="102" CreationCount="90"/><InteractionEvent Delta="null" EndDate="2011-11-11 11:21:51.144 CET" Interest="4.0" Kind="selection" Navigation="null" OriginId="org.eclipse.jdt.ui.CompilationUnitEditor" StartDate="2011-11-11 11:18:25.643 CET" StructureHandle="=sharedDOM/generatedJava&amp;lt;ch.ethz.ruediste.roofline.sharedDOM{MultiLanguageSerializationService.java[MultiLanguageSerializationService" StructureKind="java" NumEvents="4" CreationCount="277"/><InteractionEvent Delta="null" EndDate="2011-11-11 11:37:58.67 CET" Interest="67.68799" Kind="propagation" Navigation="org.eclipse.mylyn.core.model.edges.containment" OriginId="org.eclipse.mylyn.core.model.interest.propagation" StartDate="2011-11-11 11:18:37.754 CET" StructureHandle="=sharedDOM/generatedJava&amp;lt;ch.ethz.ruediste.roofline.sharedDOM{MultiLanguageSerializationService.java[MultiLanguageSerializationService" StructureKind="java" NumEvents="96" CreationCount="277"/><InteractionEvent Delta="null" EndDate="2011-11-11 11:16:52.748 CET" Interest="5.1480002" Kind="propagation" Navigation="org.eclipse.mylyn.core.model.edges.containment" OriginId="org.eclipse.mylyn.core.model.interest.propagation" StartDate="2011-11-11 10:56:17.623 CET" StructureHandle="/multiLanguageClasses/generatedJava/ch/ethz" StructureKind="resource" NumEvents="2" CreationCount="4"/><InteractionEvent Delta="null" EndDate="2011-11-11 11:51:20.973 CET" Interest="1.0" Kind="selection" Navigation="null" OriginId="org.eclipse.jdt.ui.TypeHierarchy" StartDate="2011-11-11 11:51:20.973 CET" StructureHandle="=lpf/\/usr\/lib\/jvm\/java-6-openjdk\/jre\/lib\/rt.jar&amp;lt;java.io(ByteArrayOutputStream.class[ByteArrayOutputStream" StructureKind="java"/><InteractionEvent Delta="null" EndDate="2011-11-11 10:58:27.692 CET" Interest="10.0" Kind="propagation" Navigation="org.eclipse.mylyn.core.model.edges.containment" OriginId="org.eclipse.mylyn.core.model.interest.propagation" StartDate="2011-11-11 10:54:50.359 CET" StructureHandle="/measurementGenerator/src/ch/ethz" StructureKind="resource" NumEvents="10" CreationCount="1"/><InteractionEvent Delta="null" EndDate="2011-11-11 11:58:49.765 CET" Interest="441.19904" Kind="propagation" Navigation="null" OriginId="org.eclipse.jdt.ui.CompilationUnitEditor" StartDate="2011-11-11 10:54:50.359 CET" StructureHandle="/" StructureKind="resource" NumEvents="445" CreationCount="1"/><InteractionEvent Delta="null" EndDate="2011-11-11 11:10:20.321 CET" Interest="4.0" Kind="selection" Navigation="null" OriginId="org.eclipse.jdt.ui.PackageExplorer" StartDate="2011-11-11 11:06:02.337 CET" StructureHandle="=multiLanguageCodeGenerator/src&amp;lt;ch.ethz.ruediste.roofline.multiLanguageCodeGenerator.javaGenerator{JavaCodeGenerator.java" StructureKind="java" NumEvents="4" CreationCount="90"/><InteractionEvent Delta="null" EndDate="2011-11-11 11:10:18.509 CET" Interest="66.23399" Kind="propagation" Navigation="org.eclipse.mylyn.core.model.edges.containment" OriginId="org.eclipse.mylyn.core.model.interest.propagation" StartDate="2011-11-11 11:06:14.797 CET" StructureHandle="=multiLanguageCodeGenerator/src&amp;lt;ch.ethz.ruediste.roofline.multiLanguageCodeGenerator.javaGenerator{JavaCodeGenerator.java" StructureKind="java" NumEvents="95" CreationCount="90"/><InteractionEvent Delta="null" EndDate="2011-11-11 11:37:17.596 CET" Interest="15.0" Kind="edit" Navigation="null" OriginId="org.eclipse.ui.DefaultTextEditor" StartDate="2011-11-11 11:31:14.862 CET" StructureHandle="/multiLanguageCodeGenerator/templates/javaTemplate.vm" StructureKind="resource" NumEvents="15" CreationCount="192"/><InteractionEvent Delta="null" EndDate="2011-11-11 11:37:17.572 CET" Interest="10.0" Kind="selection" Navigation="null" OriginId="org.eclipse.ui.DefaultTextEditor" StartDate="2011-11-11 11:10:14.368 CET" StructureHandle="/multiLanguageCodeGenerator/templates/javaTemplate.vm" StructureKind="resource" NumEvents="10" CreationCount="192"/><InteractionEvent Delta="null" EndDate="2011-11-11 11:31:14.703 CET" Interest="4.1710005" Kind="manipulation" Navigation="null" OriginId="org.eclipse.mylyn.core.model.interest.decay.correction" StartDate="2011-11-11 11:31:14.703 CET" StructureHandle="/multiLanguageCodeGenerator/templates/javaTemplate.vm" StructureKind="resource"/><InteractionEvent Delta="null" EndDate="2011-11-11 11:17:29.350 CET" Interest="1.0" Kind="selection" Navigation="null" OriginId="org.eclipse.jdt.ui.CompilationUnitEditor" StartDate="2011-11-11 11:17:29.350 CET" StructureHandle="=sharedDOM/generatedJava&amp;lt;ch.ethz.ruediste.roofline.sharedDOM{MultiLanguageSerializationService.java#java.io.*" StructureKind="java"/><InteractionEvent Delta="null" EndDate="2011-11-11 11:50:06.360 CET" Interest="3.0" Kind="selection" Navigation="null" OriginId="org.eclipse.jdt.ui.TypeHierarchy" StartDate="2011-11-11 11:27:55.816 CET" StructureHandle="=multiLanguageCodeGenerator/\/usr\/lib\/jvm\/java-6-openjdk\/jre\/lib\/rt.jar&amp;lt;java.lang(Throwable.class[Throwable" StructureKind="java" NumEvents="3" CreationCount="466"/><InteractionEvent Delta="null" EndDate="2011-11-11 11:50:06.360 CET" Interest="5.0720005" Kind="manipulation" Navigation="null" OriginId="org.eclipse.mylyn.core.model.interest.decay.correction" StartDate="2011-11-11 11:37:55.228 CET" StructureHandle="=multiLanguageCodeGenerator/\/usr\/lib\/jvm\/java-6-openjdk\/jre\/lib\/rt.jar&amp;lt;java.lang(Throwable.class[Throwable" StructureKind="java" NumEvents="2" CreationCount="466"/><InteractionEvent Delta="null" EndDate="2011-11-11 10:58:27.692 CET" Interest="10.0" Kind="propagation" Navigation="null" OriginId="org.eclipse.jdt.ui.CompilationUnitEditor" StartDate="2011-11-11 10:54:50.359 CET" StructureHandle="/measurementGenerator/src/ch/ethz/ruediste/roofline/measurementGenerator/Main.java" StructureKind="resource" NumEvents="10" CreationCount="1"/><InteractionEvent Delta="null" EndDate="2011-11-11 11:44:29.800 CET" Interest="1.0" Kind="selection" Navigation="null" OriginId="org.eclipse.jdt.ui.PackageExplorer" StartDate="2011-11-11 11:44:29.800 CET" StructureHandle="=sharedDOM/src" StructureKind="java"/><InteractionEvent Delta="null" EndDate="2011-11-11 11:58:49.765 CET" Interest="99.966" Kind="propagation" Navigation="org.eclipse.mylyn.core.model.edges.containment" OriginId="org.eclipse.mylyn.core.model.interest.propagation" StartDate="2011-11-11 11:44:37.349 CET" StructureHandle="=sharedDOM/src" StructureKind="java" NumEvents="126" CreationCount="50"/><InteractionEvent Delta="null" EndDate="2011-11-11 11:51:22.644 CET" Interest="2.7" Kind="propagation" Navigation="org.eclipse.mylyn.core.model.edges.containment" OriginId="org.eclipse.mylyn.core.model.interest.propagation" StartDate="2011-11-11 11:50:50.366 CET" StructureHandle="=lpf/\/usr\/lib\/jvm\/java-6-openjdk\/jre\/lib\/rt.jar&amp;lt;com.sun.xml.internal.ws.util" StructureKind="java" NumEvents="4" CreationCount="891"/><InteractionEvent Delta="null" EndDate="2011-11-11 11:26:50.2 CET" Interest="19.0" Kind="edit" Navigation="null" OriginId="org.eclipse.jdt.ui.CompilationUnitEditor" StartDate="2011-11-11 11:17:55.957 CET" StructureHandle="=sharedDOM/generatedJava&amp;lt;ch.ethz.ruediste.roofline.sharedDOM{MultiLanguageSerializationService.java[MultiLanguageSerializationService~DeSerialize~QInputStream;" StructureKind="java" NumEvents="19" CreationCount="264"/><InteractionEvent Delta="null" EndDate="2011-11-11 11:26:03.940 CET" Interest="3.0" Kind="selection" Navigation="null" OriginId="org.eclipse.jdt.ui.CompilationUnitEditor" StartDate="2011-11-11 11:17:53.350 CET" StructureHandle="=sharedDOM/generatedJava&amp;lt;ch.ethz.ruediste.roofline.sharedDOM{MultiLanguageSerializationService.java[MultiLanguageSerializationService~DeSerialize~QInputStream;" StructureKind="java" NumEvents="3" CreationCount="264"/><InteractionEvent Delta="null" EndDate="2011-11-11 10:58:27.692 CET" Interest="10.0" Kind="propagation" Navigation="org.eclipse.mylyn.core.model.edges.containment" OriginId="org.eclipse.mylyn.core.model.interest.propagation" StartDate="2011-11-11 10:54:50.359 CET" StructureHandle="/measurementGenerator/src/ch/ethz/ruediste/roofline" StructureKind="resource" NumEvents="10" CreationCount="1"/><InteractionEvent Delta="null" EndDate="2011-11-11 11:56:48.871 CET" Interest="41.0" Kind="edit" Navigation="null" OriginId="org.eclipse.jdt.ui.CompilationUnitEditor" StartDate="2011-11-11 11:18:49.863 CET" StructureHandle="=sharedDOM/generatedJava&amp;lt;ch.ethz.ruediste.roofline.sharedDOM{MultiLanguageSerializationService.java[MultiLanguageSerializationService~Serialize~QObject;~QOutputStream;" StructureKind="java" NumEvents="41" CreationCount="263"/><InteractionEvent Delta="null" EndDate="2011-11-11 11:56:48.521 CET" Interest="15.0" Kind="selection" Navigation="null" OriginId="org.eclipse.jdt.ui.CompilationUnitEditor" StartDate="2011-11-11 11:17:50.460 CET" StructureHandle="=sharedDOM/generatedJava&amp;lt;ch.ethz.ruediste.roofline.sharedDOM{MultiLanguageSerializationService.java[MultiLanguageSerializationService~Serialize~QObject;~QOutputStream;" StructureKind="java" NumEvents="15" CreationCount="263"/><InteractionEvent Delta="null" EndDate="2011-11-11 11:48:50.50 CET" Interest="12.0" Kind="selection" Navigation="null" OriginId="org.eclipse.jdt.ui.CompilationUnitEditor" StartDate="2011-11-11 10:58:48.829 CET" StructureHandle="=measurementDriver/src&amp;lt;ch.ethz.ruediste.roofline.measurementDriver{Main.java" StructureKind="java" NumEvents="12" CreationCount="56"/><InteractionEvent Delta="null" EndDate="2011-11-11 11:48:59.679 CET" Interest="95.4" Kind="propagation" Navigation="org.eclipse.mylyn.core.model.edges.containment" OriginId="org.eclipse.mylyn.core.model.interest.propagation" StartDate="2011-11-11 10:58:48.594 CET" StructureHandle="=measurementDriver/src&amp;lt;ch.ethz.ruediste.roofline.measurementDriver{Main.java" StructureKind="java" NumEvents="137" CreationCount="56"/><InteractionEvent Delta="null" EndDate="2011-11-11 11:56:42.840 CET" Interest="12.0" Kind="edit" Navigation="null" OriginId="org.eclipse.jdt.ui.CompilationUnitEditor" StartDate="2011-11-11 11:18:01.551 CET" StructureHandle="=sharedDOM/generatedJava&amp;lt;ch.ethz.ruediste.roofline.sharedDOM{MultiLanguageSerializationService.java" StructureKind="java" NumEvents="12" CreationCount="248"/><InteractionEvent Delta="null" EndDate="2011-11-11 11:56:42.696 CET" Interest="25.0" Kind="selection" Navigation="null" OriginId="org.eclipse.jdt.ui.CompilationUnitEditor" StartDate="2011-11-11 11:17:01.612 CET" StructureHandle="=sharedDOM/generatedJava&amp;lt;ch.ethz.ruediste.roofline.sharedDOM{MultiLanguageSerializationService.java" StructureKind="java" NumEvents="25" CreationCount="248"/><InteractionEvent Delta="null" EndDate="2011-11-11 11:30:48.433 CET" Interest="46.880997" Kind="propagation" Navigation="org.eclipse.mylyn.core.model.edges.containment" OriginId="org.eclipse.mylyn.core.model.interest.propagation" StartDate="2011-11-11 11:16:52.746 CET" StructureHandle="=sharedDOM/generatedJava&amp;lt;ch.ethz.ruediste.roofline.sharedDOM{MultiLanguageSerializationService.java" StructureKind="java" NumEvents="73" CreationCount="248"/><InteractionEvent Delta="null" EndDate="2011-11-11 11:51:16.16 CET" Interest="1.0" Kind="edit" Navigation="null" OriginId="org.eclipse.jdt.ui.ClassFileEditor" StartDate="2011-11-11 11:51:16.16 CET" StructureHandle="=lpf/\/usr\/lib\/jvm\/java-6-openjdk\/jre\/lib\/rt.jar&amp;lt;com.sun.xml.internal.ws.util(ByteArrayBuffer.class" StructureKind="java"/><InteractionEvent Delta="null" EndDate="2011-11-11 11:51:12.757 CET" Interest="1.0" Kind="selection" Navigation="null" OriginId="org.eclipse.jdt.ui.ClassFileEditor" StartDate="2011-11-11 11:51:12.757 CET" StructureHandle="=lpf/\/usr\/lib\/jvm\/java-6-openjdk\/jre\/lib\/rt.jar&amp;lt;com.sun.xml.internal.ws.util(ByteArrayBuffer.class" StructureKind="java"/><InteractionEvent Delta="null" EndDate="2011-11-11 11:50:50.366 CET" Interest="1.0" Kind="propagation" Navigation="org.eclipse.mylyn.core.model.edges.containment" OriginId="org.eclipse.mylyn.core.model.interest.propagation" StartDate="2011-11-11 11:50:50.366 CET" StructureHandle="=lpf/\/usr\/lib\/jvm\/java-6-openjdk\/jre\/lib\/rt.jar&amp;lt;com.sun.xml.internal.ws.util(ByteArrayBuffer.class" StructureKind="java"/><InteractionEvent Delta="null" EndDate="2011-11-11 11:16:52.748 CET" Interest="5.1480002" Kind="propagation" Navigation="org.eclipse.mylyn.core.model.edges.containment" OriginId="org.eclipse.mylyn.core.model.interest.propagation" StartDate="2011-11-11 10:56:17.622 CET" StructureHandle="/multiLanguageClasses/generatedJava/ch/ethz/ruediste/roofline" StructureKind="resource" NumEvents="2" CreationCount="4"/><InteractionEvent Delta="null" EndDate="2011-11-11 11:56:34.326 CET" Interest="203.0" Kind="propagation" Navigation="null" OriginId="org.eclipse.ui.DefaultTextEditor" StartDate="2011-11-11 11:10:14.369 CET" StructureHandle="/multiLanguageCodeGenerator/templates" StructureKind="resource" NumEvents="203" CreationCount="192"/><InteractionEvent Delta="null" EndDate="2011-11-11 10:56:17.622 CET" Interest="1.0" Kind="propagation" Navigation="null" OriginId="org.eclipse.mylyn.resources.ui.interest.updater" StartDate="2011-11-11 10:56:17.622 CET" StructureHandle="/multiLanguageClasses/generatedJava/ch/ethz/ruediste/roofline/sharedDOM/MemoryLoadKernelDescription.java" StructureKind="resource"/><InteractionEvent Delta="null" EndDate="2011-11-11 11:50:06.676 CET" Interest="1.0" Kind="propagation" Navigation="org.eclipse.mylyn.core.model.edges.containment" OriginId="org.eclipse.mylyn.core.model.interest.propagation" StartDate="2011-11-11 11:50:06.676 CET" StructureHandle="=sharedDOM/\/usr\/lib\/jvm\/java-6-openjdk\/jre\/lib\/rt.jar&amp;lt;org.omg.CORBA.portable(OutputStream.class" StructureKind="java"/><InteractionEvent Delta="null" EndDate="2011-11-11 10:58:27.691 CET" Interest="1.0" Kind="selection" Navigation="null" OriginId="org.eclipse.jdt.ui.CompilationUnitEditor" StartDate="2011-11-11 10:58:27.691 CET" StructureHandle="=measurementGenerator/src&amp;lt;ch.ethz.ruediste.roofline.measurementGenerator{Main.java#ch.ethz.ruediste.roofline.sharedDOM.MemoryLoadKernelDescription" StructureKind="java"/><InteractionEvent Delta="null" EndDate="2011-11-11 11:58:49.763 CET" Interest="132.0" Kind="propagation" Navigation="null" OriginId="org.eclipse.jdt.ui.CompilationUnitEditor" StartDate="2011-11-11 11:48:13.632 CET" StructureHandle="/sharedDOM/src/ch/ethz/ruediste/roofline/sharedDOM/test/Serialization.java" StructureKind="resource" NumEvents="132" CreationCount="845"/><InteractionEvent Delta="null" EndDate="2011-11-11 11:51:22.643 CET" Interest="2.0" Kind="selection" Navigation="null" OriginId="org.eclipse.jdt.ui.TypeHierarchy" StartDate="2011-11-11 11:50:50.366 CET" StructureHandle="=lpf/\/usr\/lib\/jvm\/java-6-openjdk\/jre\/lib\/rt.jar&amp;lt;com.sun.xml.internal.ws.util(ByteArrayBuffer.class[ByteArrayBuffer" StructureKind="java" NumEvents="2" CreationCount="891"/><InteractionEvent Delta="null" EndDate="2011-11-11 11:50:09.32 CET" Interest="1.0" Kind="selection" Navigation="null" OriginId="org.eclipse.jdt.ui.TypeHierarchy" StartDate="2011-11-11 11:50:09.32 CET" StructureHandle="=sharedDOM/\/usr\/lib\/jvm\/java-6-openjdk\/jre\/lib\/rt.jar&amp;lt;org.omg.CORBA_2_3.portable(OutputStream.class[OutputStream" StructureKind="java"/><InteractionEvent Delta="null" EndDate="2011-11-11 11:16:52.748 CET" Interest="5.1480002" Kind="propagation" Navigation="org.eclipse.mylyn.core.model.edges.containment" OriginId="org.eclipse.mylyn.core.model.interest.propagation" StartDate="2011-11-11 10:56:17.623 CET" StructureHandle="/multiLanguageClasses/generatedJava/ch" StructureKind="resource" NumEvents="2" CreationCount="4"/><InteractionEvent Delta="null" EndDate="2011-11-11 11:37:35.753 CET" Interest="12.148" Kind="propagation" Navigation="org.eclipse.mylyn.core.model.edges.containment" OriginId="org.eclipse.mylyn.core.model.interest.propagation" StartDate="2011-11-11 10:56:17.623 CET" StructureHandle="=multiLanguageClasses/generatedJava\/ch\/ethz\/ruediste\/roofline\/sharedDOM&amp;lt;" StructureKind="java" NumEvents="3" CreationCount="4"/><InteractionEvent Delta="null" EndDate="2011-11-11 11:56:55.22 CET" Interest="335.148" Kind="propagation" Navigation="org.eclipse.mylyn.core.model.edges.containment" OriginId="org.eclipse.mylyn.core.model.interest.propagation" StartDate="2011-11-11 10:56:17.626 CET" StructureHandle="/sharedDOM/generatedJava/ch" StructureKind="resource" NumEvents="332" CreationCount="4"/><InteractionEvent Delta="null" EndDate="2011-11-11 11:56:44.873 CET" Interest="8.0" Kind="prediction" Navigation="null" OriginId="org.eclipse.mylyn.resources.ui.interest.updater" StartDate="2011-11-11 11:28:49.188 CET" StructureHandle="=multiLanguageClasses/generatedJava\/ch\/ethz\/ruediste\/roofline\/sharedDOM&amp;lt;{MultiLanguageSerializationService.java" StructureKind="java" NumEvents="8" CreationCount="248"/><InteractionEvent Delta="null" EndDate="2011-11-11 11:16:52.747 CET" Interest="1.0" Kind="propagation" Navigation="null" OriginId="org.eclipse.mylyn.resources.ui.interest.updater" StartDate="2011-11-11 11:16:52.747 CET" StructureHandle="=multiLanguageClasses/generatedJava\/ch\/ethz\/ruediste\/roofline\/sharedDOM&amp;lt;{MultiLanguageSerializationService.java" StructureKind="java"/><InteractionEvent Delta="null" EndDate="2011-11-11 11:58:49.763 CET" Interest="133.153" Kind="propagation" Navigation="org.eclipse.mylyn.core.model.edges.containment" OriginId="org.eclipse.mylyn.core.model.interest.propagation" StartDate="2011-11-11 11:44:37.349 CET" StructureHandle="/sharedDOM/src/ch/ethz/ruediste/roofline" StructureKind="resource" NumEvents="134" CreationCount="835"/><InteractionEvent Delta="null" EndDate="2011-11-11 11:17:17.248 CET" Interest="2.0" Kind="edit" Navigation="null" OriginId="org.eclipse.jdt.ui.CompilationUnitEditor" StartDate="2011-11-11 11:17:14.735 CET" StructureHandle="=sharedDOM/generatedJava&amp;lt;ch.ethz.ruediste.roofline.sharedDOM{MultiLanguageSerializationService.java[MultiLangageSerializationService~Serialize~QObject;~QOutputStream;" StructureKind="java" NumEvents="2" CreationCount="251"/><InteractionEvent Delta="null" EndDate="2011-11-11 11:17:12.903 CET" Interest="2.0" Kind="selection" Navigation="null" OriginId="org.eclipse.jdt.ui.CompilationUnitEditor" StartDate="2011-11-11 11:17:04.812 CET" StructureHandle="=sharedDOM/generatedJava&amp;lt;ch.ethz.ruediste.roofline.sharedDOM{MultiLanguageSerializationService.java[MultiLangageSerializationService~Serialize~QObject;~QOutputStream;" StructureKind="java" NumEvents="2" CreationCount="251"/><InteractionEvent Delta="null" EndDate="2011-11-11 11:16:52.746 CET" Interest="2.0" Kind="prediction" Navigation="null" OriginId="org.eclipse.mylyn.resources.ui.interest.updater" StartDate="2011-11-11 10:56:17.622 CET" StructureHandle="=sharedDOM/generatedJava&amp;lt;ch.ethz.ruediste.roofline.sharedDOM{MemoryLoadKernelDescription.java" StructureKind="java" NumEvents="2" CreationCount="4"/><InteractionEvent Delta="null" EndDate="2011-11-11 11:10:20.321 CET" Interest="102.0" Kind="propagation" Navigation="org.eclipse.mylyn.core.model.edges.containment" OriginId="org.eclipse.mylyn.core.model.interest.propagation" StartDate="2011-11-11 11:06:02.337 CET" StructureHandle="/multiLanguageCodeGenerator/src/ch/ethz/ruediste/roofline" StructureKind="resource" NumEvents="102" CreationCount="90"/><InteractionEvent Delta="null" EndDate="2011-11-11 10:58:25.824 CET" Interest="2.0" Kind="propagation" Navigation="org.eclipse.mylyn.core.model.edges.containment" OriginId="org.eclipse.mylyn.core.model.interest.propagation" StartDate="2011-11-11 10:58:24.726 CET" StructureHandle="=measurementGenerator/src&amp;lt;ch.ethz.ruediste.roofline.measurementGenerator{Main.java#" StructureKind="java" NumEvents="2" CreationCount="53"/><InteractionEvent Delta="null" EndDate="2011-11-11 10:56:51.98 CET" Interest="3.0" Kind="selection" Navigation="null" OriginId="org.eclipse.jdt.ui.PackageExplorer" StartDate="2011-11-11 10:56:18.833 CET" StructureHandle="/multiLanguageClasses/definitions/sample.xml" StructureKind="resource" NumEvents="3" CreationCount="5"/><InteractionEvent Delta="null" EndDate="2011-11-11 11:48:59.680 CET" Interest="166.0" Kind="propagation" Navigation="null" OriginId="org.eclipse.jdt.ui.CompilationUnitEditor" StartDate="2011-11-11 10:55:36.431 CET" StructureHandle="/measurementDriver" StructureKind="resource" NumEvents="166" CreationCount="2"/><InteractionEvent Delta="null" EndDate="2011-11-11 11:56:55.22 CET" Interest="335.148" Kind="propagation" Navigation="org.eclipse.mylyn.core.model.edges.containment" OriginId="org.eclipse.mylyn.core.model.interest.propagation" StartDate="2011-11-11 10:56:17.626 CET" StructureHandle="/sharedDOM/generatedJava/ch/ethz/ruediste" StructureKind="resource" NumEvents="332" CreationCount="4"/><InteractionEvent Delta="null" EndDate="2011-11-11 11:08:56.428 CET" Interest="3.0" Kind="propagation" Navigation="null" OriginId="org.eclipse.jdt.ui.CompilationUnitEditor" StartDate="2011-11-11 11:08:54.91 CET" StructureHandle="/multiLanguageCodeGenerator/src/ch/ethz/ruediste/roofline/multiLanguageCodeGenerator/CodeGeneratorBase.java" StructureKind="resource" NumEvents="3" CreationCount="161"/><InteractionEvent Delta="null" EndDate="2011-11-11 11:58:49.763 CET" Interest="133.153" Kind="propagation" Navigation="org.eclipse.mylyn.core.model.edges.containment" OriginId="org.eclipse.mylyn.core.model.interest.propagation" StartDate="2011-11-11 11:44:37.349 CET" StructureHandle="/sharedDOM/src/ch/ethz/ruediste/roofline/sharedDOM" StructureKind="resource" NumEvents="135" CreationCount="835"/><InteractionEvent Delta="null" EndDate="2011-11-11 11:58:49.764 CET" Interest="134.0" Kind="propagation" Navigation="null" OriginId="org.eclipse.jdt.ui.CompilationUnitEditor" StartDate="2011-11-11 11:47:32.67 CET" StructureHandle="/sharedDOM/src/ch/ethz/ruediste/roofline/sharedDOM/test" StructureKind="resource" NumEvents="134" CreationCount="844"/><InteractionEvent Delta="null" EndDate="2011-11-11 11:48:59.679 CET" Interest="165.0" Kind="propagation" Navigation="org.eclipse.mylyn.core.model.edges.containment" OriginId="org.eclipse.mylyn.core.model.interest.propagation" StartDate="2011-11-11 10:58:48.594 CET" StructureHandle="/measurementDriver/src/ch" StructureKind="resource" NumEvents="165" CreationCount="56"/><InteractionEvent Delta="null" EndDate="2011-11-11 11:51:20.973 CET" Interest="1.0" Kind="propagation" Navigation="org.eclipse.mylyn.core.model.edges.containment" OriginId="org.eclipse.mylyn.core.model.interest.propagation" StartDate="2011-11-11 11:51:20.973 CET" StructureHandle="=lpf/\/usr\/lib\/jvm\/java-6-openjdk\/jre\/lib\/rt.jar&amp;lt;java.io(ByteArrayOutputStream.class" StructureKind="java"/><InteractionEvent Delta="null" EndDate="2011-11-11 11:23:09.109 CET" Interest="2.0" Kind="selection" Navigation="null" OriginId="org.eclipse.jdt.ui.PackageExplorer" StartDate="2011-11-11 10:56:19.769 CET" StructureHandle="/multiLanguageClasses/definitions" StructureKind="resource" NumEvents="2" CreationCount="5"/><InteractionEvent Delta="null" EndDate="2011-11-11 11:30:11.212 CET" Interest="17.651001" Kind="propagation" Navigation="org.eclipse.mylyn.core.model.edges.containment" OriginId="org.eclipse.mylyn.core.model.interest.propagation" StartDate="2011-11-11 10:56:18.835 CET" StructureHandle="/multiLanguageClasses/definitions" StructureKind="resource" NumEvents="21" CreationCount="5"/><InteractionEvent Delta="null" EndDate="2011-11-11 11:10:20.322 CET" Interest="70.23399" Kind="propagation" Navigation="org.eclipse.mylyn.core.model.edges.containment" OriginId="org.eclipse.mylyn.core.model.interest.propagation" StartDate="2011-11-11 11:06:02.338 CET" StructureHandle="=multiLanguageCodeGenerator/src" StructureKind="java" NumEvents="99" CreationCount="90"/><InteractionEvent Delta="null" EndDate="2011-11-11 11:48:59.678 CET" Interest="165.0" Kind="propagation" Navigation="org.eclipse.mylyn.core.model.edges.containment" OriginId="org.eclipse.mylyn.core.model.interest.propagation" StartDate="2011-11-11 10:58:48.594 CET" StructureHandle="/measurementDriver/src/ch/ethz/ruediste/roofline" StructureKind="resource" NumEvents="165" CreationCount="56"/><InteractionEvent Delta="null" EndDate="2011-11-11 11:50:06.360 CET" Interest="8.0720005" Kind="propagation" Navigation="org.eclipse.mylyn.core.model.edges.containment" OriginId="org.eclipse.mylyn.core.model.interest.propagation" StartDate="2011-11-11 11:27:55.817 CET" StructureHandle="=multiLanguageCodeGenerator/\/usr\/lib\/jvm\/java-6-openjdk\/jre\/lib\/rt.jar&amp;lt;java.lang" StructureKind="java" NumEvents="5" CreationCount="466"/><InteractionEvent Delta="null" EndDate="2011-11-11 11:37:35.753 CET" Interest="2.0" Kind="propagation" Navigation="null" OriginId="org.eclipse.mylyn.resources.ui.interest.updater" StartDate="2011-11-11 11:16:52.748 CET" StructureHandle="/multiLanguageClasses/generatedJava/ch/ethz/ruediste/roofline/sharedDOM/MultiLanguageSerializationService.java" StructureKind="resource" NumEvents="2" CreationCount="248"/><InteractionEvent Delta="null" EndDate="2011-11-11 11:56:55.21 CET" Interest="330.0" Kind="propagation" Navigation="null" OriginId="org.eclipse.jdt.ui.CompilationUnitEditor" StartDate="2011-11-11 11:16:52.747 CET" StructureHandle="/sharedDOM/generatedJava/ch/ethz/ruediste/roofline/sharedDOM/MultiLanguageSerializationService.java" StructureKind="resource" NumEvents="330" CreationCount="248"/><InteractionEvent Delta="null" EndDate="2011-11-11 11:50:09.32 CET" Interest="1.0" Kind="propagation" Navigation="org.eclipse.mylyn.core.model.edges.containment" OriginId="org.eclipse.mylyn.core.model.interest.propagation" StartDate="2011-11-11 11:50:09.32 CET" StructureHandle="=sharedDOM/\/usr\/lib\/jvm\/java-6-openjdk\/jre\/lib\/rt.jar&amp;lt;org.omg.CORBA_2_3.portable(OutputStream.class" StructureKind="java"/><InteractionEvent Delta="null" EndDate="2011-11-11 11:27:55.784 CET" Interest="2.0" Kind="propagation" Navigation="org.eclipse.mylyn.core.model.edges.containment" OriginId="org.eclipse.mylyn.core.model.interest.propagation" StartDate="2011-11-11 11:27:52.205 CET" StructureHandle="=sharedDOM/\/usr\/lib\/jvm\/java-6-openjdk\/jre\/lib\/rt.jar&amp;lt;java.lang" StructureKind="java" NumEvents="2" CreationCount="464"/><InteractionEvent Delta="null" EndDate="2011-11-11 11:48:59.679 CET" Interest="165.918" Kind="propagation" Navigation="org.eclipse.mylyn.core.model.edges.containment" OriginId="org.eclipse.mylyn.core.model.interest.propagation" StartDate="2011-11-11 10:55:36.431 CET" StructureHandle="=measurementDriver" StructureKind="resource" NumEvents="166" CreationCount="2"/><InteractionEvent Delta="null" EndDate="2011-11-11 11:16:52.745 CET" Interest="2.0" Kind="prediction" Navigation="null" OriginId="org.eclipse.mylyn.resources.ui.interest.updater" StartDate="2011-11-11 10:56:17.620 CET" StructureHandle="=multiLanguageClasses/generatedJava\/ch\/ethz\/ruediste\/roofline\/sharedDOM&amp;lt;{MemoryLoadKernelDescription.java" StructureKind="java" NumEvents="2" CreationCount="4"/><InteractionEvent Delta="null" EndDate="2011-11-11 11:30:11.212 CET" Interest="8.0" Kind="edit" Navigation="null" OriginId="org.eclipse.wst.xml.ui.internal.tabletree.XMLMultiPageEditorPart" StartDate="2011-11-11 10:56:42.478 CET" StructureHandle="/multiLanguageClasses/definitions/MemoryLoadKernelDescription.xml" StructureKind="resource" NumEvents="8" CreationCount="8"/><InteractionEvent Delta="null" EndDate="2011-11-11 11:30:11.173 CET" Interest="14.0" Kind="selection" Navigation="null" OriginId="org.eclipse.wst.xml.ui.internal.tabletree.XMLMultiPageEditorPart" StartDate="2011-11-11 10:56:40.601 CET" StructureHandle="/multiLanguageClasses/definitions/MemoryLoadKernelDescription.xml" StructureKind="resource" NumEvents="14" CreationCount="8"/><InteractionEvent Delta="null" EndDate="2011-11-11 10:56:17.625 CET" Interest="1.0" Kind="propagation" Navigation="null" OriginId="org.eclipse.mylyn.resources.ui.interest.updater" StartDate="2011-11-11 10:56:17.625 CET" StructureHandle="/sharedDOM/generatedJava/ch/ethz/ruediste/roofline/sharedDOM/MemoryLoadKernelDescription.java" StructureKind="resource"/><InteractionEvent Delta="null" EndDate="2011-11-11 11:58:49.765 CET" Interest="143.017" Kind="propagation" Navigation="null" OriginId="org.eclipse.jdt.ui.CompilationUnitEditor" StartDate="2011-11-11 11:44:29.801 CET" StructureHandle="/sharedDOM/src" StructureKind="resource" NumEvents="145" CreationCount="834"/><InteractionEvent Delta="null" EndDate="2011-11-11 10:58:24.179 CET" Interest="6.1" Kind="propagation" Navigation="org.eclipse.mylyn.core.model.edges.containment" OriginId="org.eclipse.mylyn.core.model.interest.propagation" StartDate="2011-11-11 10:54:50.360 CET" StructureHandle="=measurementGenerator/src" StructureKind="java" NumEvents="7" CreationCount="1"/><InteractionEvent Delta="null" EndDate="2011-11-11 11:56:34.326 CET" Interest="204.73401" Kind="propagation" Navigation="org.eclipse.mylyn.core.model.edges.containment" OriginId="org.eclipse.mylyn.core.model.interest.propagation" StartDate="2011-11-11 11:06:02.337 CET" StructureHandle="=multiLanguageCodeGenerator" StructureKind="resource" NumEvents="205" CreationCount="90"/><InteractionEvent Delta="null" EndDate="2011-11-11 11:08:56.428 CET" Interest="1.7" Kind="propagation" Navigation="org.eclipse.mylyn.core.model.edges.containment" OriginId="org.eclipse.mylyn.core.model.interest.propagation" StartDate="2011-11-11 11:08:54.676 CET" StructureHandle="=multiLanguageCodeGenerator/src&amp;lt;ch.ethz.ruediste.roofline.multiLanguageCodeGenerator{CodeGeneratorBase.java[CodeGeneratorBase" StructureKind="java" NumEvents="2" CreationCount="162"/><InteractionEvent Delta="null" EndDate="2011-11-11 11:56:55.22 CET" Interest="335.148" Kind="propagation" Navigation="org.eclipse.mylyn.core.model.edges.containment" OriginId="org.eclipse.mylyn.core.model.interest.propagation" StartDate="2011-11-11 10:56:17.626 CET" StructureHandle="/sharedDOM/generatedJava/ch/ethz" StructureKind="resource" NumEvents="332" CreationCount="4"/><InteractionEvent Delta="null" EndDate="2011-11-11 11:56:55.22 CET" Interest="335.148" Kind="propagation" Navigation="null" OriginId="org.eclipse.jdt.ui.CompilationUnitEditor" StartDate="2011-11-11 10:56:17.626 CET" StructureHandle="/sharedDOM/generatedJava/ch/ethz/ruediste/roofline/sharedDOM" StructureKind="resource" NumEvents="332" CreationCount="4"/><InteractionEvent Delta="null" EndDate="2011-11-11 10:58:15.5 CET" Interest="2.0" Kind="selection" Navigation="null" OriginId="org.eclipse.jdt.ui.PackageExplorer" StartDate="2011-11-11 10:56:15.421 CET" StructureHandle="=multiLanguageClasses" StructureKind="java" NumEvents="2" CreationCount="4"/><InteractionEvent Delta="null" EndDate="2011-11-11 11:30:11.212 CET" Interest="17.668001" Kind="propagation" Navigation="org.eclipse.mylyn.core.model.edges.containment" OriginId="org.eclipse.mylyn.core.model.interest.propagation" StartDate="2011-11-11 10:56:18.835 CET" StructureHandle="=multiLanguageClasses" StructureKind="java" NumEvents="27" CreationCount="4"/><InteractionEvent Delta="null" EndDate="2011-11-11 11:10:18.508 CET" Interest="96.0" Kind="edit" Navigation="null" OriginId="org.eclipse.jdt.ui.CompilationUnitEditor" StartDate="2011-11-11 11:06:13.793 CET" StructureHandle="=multiLanguageCodeGenerator/src&amp;lt;ch.ethz.ruediste.roofline.multiLanguageCodeGenerator.javaGenerator{JavaCodeGenerator.java[JavaCodeGenerator~generate~QList\&amp;lt;QMultiLangugeClass;&amp;gt;;" StructureKind="java" NumEvents="96" CreationCount="92"/><InteractionEvent Delta="null" EndDate="2011-11-11 11:08:58.484 CET" Interest="2.0" Kind="selection" Navigation="null" OriginId="org.eclipse.jdt.ui.CompilationUnitEditor" StartDate="2011-11-11 11:06:12.778 CET" StructureHandle="=multiLanguageCodeGenerator/src&amp;lt;ch.ethz.ruediste.roofline.multiLanguageCodeGenerator.javaGenerator{JavaCodeGenerator.java[JavaCodeGenerator~generate~QList\&amp;lt;QMultiLangugeClass;&amp;gt;;" StructureKind="java" NumEvents="2" CreationCount="92"/><InteractionEvent Delta="null" EndDate="2011-11-11 11:56:55.20 CET" Interest="79.0" Kind="edit" Navigation="null" OriginId="org.eclipse.jdt.ui.CompilationUnitEditor" StartDate="2011-11-11 11:21:47.940 CET" StructureHandle="=sharedDOM/generatedJava&amp;lt;ch.ethz.ruediste.roofline.sharedDOM{MultiLanguageSerializationService.java[MultiLanguageSerializationService~SerializeImp~QObject;~QPrintStream;" StructureKind="java" NumEvents="79" CreationCount="335"/><InteractionEvent Delta="null" EndDate="2011-11-11 11:56:49.474 CET" Interest="15.0" Kind="selection" Navigation="null" OriginId="org.eclipse.jdt.ui.CompilationUnitEditor" StartDate="2011-11-11 11:21:27.882 CET" StructureHandle="=sharedDOM/generatedJava&amp;lt;ch.ethz.ruediste.roofline.sharedDOM{MultiLanguageSerializationService.java[MultiLanguageSerializationService~SerializeImp~QObject;~QPrintStream;" StructureKind="java" NumEvents="15" CreationCount="335"/><InteractionEvent Delta="null" EndDate="2011-11-11 11:48:59.679 CET" Interest="165.0" Kind="propagation" Navigation="org.eclipse.mylyn.core.model.edges.containment" OriginId="org.eclipse.mylyn.core.model.interest.propagation" StartDate="2011-11-11 10:58:48.594 CET" StructureHandle="/measurementDriver/src/ch/ethz" StructureKind="resource" NumEvents="165" CreationCount="56"/><InteractionEvent Delta="null" EndDate="2011-11-11 10:58:27.693 CET" Interest="10.0" Kind="propagation" Navigation="org.eclipse.mylyn.core.model.edges.containment" OriginId="org.eclipse.mylyn.core.model.interest.propagation" StartDate="2011-11-11 10:54:50.359 CET" StructureHandle="/measurementGenerator/src" StructureKind="resource" NumEvents="10" CreationCount="1"/><InteractionEvent Delta="null" EndDate="2011-11-11 10:55:36.430 CET" Interest="1.0" Kind="propagation" Navigation="null" OriginId="org.eclipse.mylyn.resources.ui.interest.updater" StartDate="2011-11-11 10:55:36.430 CET" StructureHandle="/measurementDriver/Perform Measurement.launch" StructureKind="resource"/><InteractionEvent Delta="null" EndDate="2011-11-11 11:54:48.918 CET" Interest="3.0" Kind="selection" Navigation="null" OriginId="org.eclipse.jdt.ui.CompilationUnitEditor" StartDate="2011-11-11 11:54:18.900 CET" StructureHandle="=sharedDOM/src&amp;lt;ch.ethz.ruediste.roofline.sharedDOM.test{Serialization.java#" StructureKind="java" NumEvents="3" CreationCount="975"/><InteractionEvent Delta="null" EndDate="2011-11-11 11:08:56.428 CET" Interest="1.0" Kind="edit" Navigation="null" OriginId="org.eclipse.jdt.ui.CompilationUnitEditor" StartDate="2011-11-11 11:08:56.428 CET" StructureHandle="=multiLanguageCodeGenerator/src&amp;lt;ch.ethz.ruediste.roofline.multiLanguageCodeGenerator{CodeGeneratorBase.java[CodeGeneratorBase~generate~QList\&amp;lt;QMultiLangugeClass;&amp;gt;;" StructureKind="java"/><InteractionEvent Delta="null" EndDate="2011-11-11 11:08:54.676 CET" Interest="1.0" Kind="selection" Navigation="null" OriginId="org.eclipse.jdt.ui.CompilationUnitEditor" StartDate="2011-11-11 11:08:54.676 CET" StructureHandle="=multiLanguageCodeGenerator/src&amp;lt;ch.ethz.ruediste.roofline.multiLanguageCodeGenerator{CodeGeneratorBase.java[CodeGeneratorBase~generate~QList\&amp;lt;QMultiLangugeClass;&amp;gt;;" StructureKind="java"/><InteractionEvent Delta="null" EndDate="2011-11-11 11:50:20.307 CET" Interest="1.0" Kind="propagation" Navigation="org.eclipse.mylyn.core.model.edges.containment" OriginId="org.eclipse.mylyn.core.model.interest.propagation" StartDate="2011-11-11 11:50:20.307 CET" StructureHandle="=sharedDOM/\/usr\/lib\/jvm\/java-6-openjdk\/jre\/lib\/rt.jar&amp;lt;java.io" StructureKind="java"/><InteractionEvent Delta="null" EndDate="2011-11-11 11:16:52.748 CET" Interest="5.1480002" Kind="propagation" Navigation="org.eclipse.mylyn.core.model.edges.containment" OriginId="org.eclipse.mylyn.core.model.interest.propagation" StartDate="2011-11-11 10:56:17.622 CET" StructureHandle="/multiLanguageClasses/generatedJava/ch/ethz/ruediste" StructureKind="resource" NumEvents="2" CreationCount="4"/><InteractionEvent Delta="null" EndDate="2011-11-11 11:58:49.763 CET" Interest="87.4" Kind="propagation" Navigation="org.eclipse.mylyn.core.model.edges.containment" OriginId="org.eclipse.mylyn.core.model.interest.propagation" StartDate="2011-11-11 11:48:17.191 CET" StructureHandle="=sharedDOM/src&amp;lt;ch.ethz.ruediste.roofline.sharedDOM.test{Serialization.java[Serialization" StructureKind="java" NumEvents="121" CreationCount="848"/><InteractionEvent Delta="null" EndDate="2011-11-11 11:10:20.321 CET" Interest="70.23399" Kind="propagation" Navigation="org.eclipse.mylyn.core.model.edges.containment" OriginId="org.eclipse.mylyn.core.model.interest.propagation" StartDate="2011-11-11 11:06:02.338 CET" StructureHandle="=multiLanguageCodeGenerator/src&amp;lt;ch.ethz.ruediste.roofline.multiLanguageCodeGenerator.javaGenerator" StructureKind="java" NumEvents="99" CreationCount="90"/><InteractionEvent Delta="null" EndDate="2011-11-11 10:57:10.201 CET" Interest="1.0" Kind="selection" Navigation="null" OriginId="org.eclipse.jdt.ui.PackageExplorer" StartDate="2011-11-11 10:57:10.201 CET" StructureHandle="/multiLanguageClasses/sample.xml" StructureKind="resource"/><InteractionEvent Delta="null" EndDate="2011-11-11 11:37:35.753 CET" Interest="58.0" Kind="propagation" Navigation="null" OriginId="org.eclipse.mylyn.resources.ui.interest.updater" StartDate="2011-11-11 10:56:15.422 CET" StructureHandle="/multiLanguageClasses" StructureKind="resource" NumEvents="58" CreationCount="4"/><InteractionEvent Delta="null" EndDate="2011-11-11 11:51:22.644 CET" Interest="2.7" Kind="propagation" Navigation="org.eclipse.mylyn.core.model.edges.containment" OriginId="org.eclipse.mylyn.core.model.interest.propagation" StartDate="2011-11-11 11:50:50.366 CET" StructureHandle="=lpf" StructureKind="java" NumEvents="4" CreationCount="891"/><InteractionEvent Delta="null" EndDate="2011-11-11 10:58:27.692 CET" Interest="10.0" Kind="propagation" Navigation="org.eclipse.mylyn.core.model.edges.containment" OriginId="org.eclipse.mylyn.core.model.interest.propagation" StartDate="2011-11-11 10:54:50.359 CET" StructureHandle="/measurementGenerator/src/ch" StructureKind="resource" NumEvents="10" CreationCount="1"/><InteractionEvent Delta="null" EndDate="2011-11-11 10:58:27.692 CET" Interest="10.0" Kind="propagation" Navigation="org.eclipse.mylyn.core.model.edges.containment" OriginId="org.eclipse.mylyn.core.model.interest.propagation" StartDate="2011-11-11 10:54:50.359 CET" StructureHandle="/measurementGenerator/src/ch/ethz/ruediste/roofline/measurementGenerator" StructureKind="resource" NumEvents="10" CreationCount="1"/><InteractionEvent Delta="null" EndDate="2011-11-11 11:10:20.322 CET" Interest="105.0" Kind="propagation" Navigation="null" OriginId="org.eclipse.jdt.ui.PackageExplorer" StartDate="2011-11-11 11:06:02.337 CET" StructureHandle="/multiLanguageCodeGenerator/src" StructureKind="resource" NumEvents="105" CreationCount="90"/><InteractionEvent Delta="null" EndDate="2011-11-11 11:27:55.784 CET" Interest="2.0" Kind="propagation" Navigation="org.eclipse.mylyn.core.model.edges.containment" OriginId="org.eclipse.mylyn.core.model.interest.propagation" StartDate="2011-11-11 11:27:52.204 CET" StructureHandle="=sharedDOM/\/usr\/lib\/jvm\/java-6-openjdk\/jre\/lib\/rt.jar&amp;lt;java.lang(Exception.class" StructureKind="java" NumEvents="2" CreationCount="464"/><InteractionEvent Delta="null" EndDate="2011-11-11 11:08:56.429 CET" Interest="1.717" Kind="propagation" Navigation="org.eclipse.mylyn.core.model.edges.containment" OriginId="org.eclipse.mylyn.core.model.interest.propagation" StartDate="2011-11-11 11:08:54.91 CET" StructureHandle="=multiLanguageCodeGenerator/src&amp;lt;ch.ethz.ruediste.roofline.multiLanguageCodeGenerator" StructureKind="java" NumEvents="3" CreationCount="161"/><InteractionEvent Delta="null" EndDate="2011-11-11 11:56:34.325 CET" Interest="153.0" Kind="edit" Navigation="null" OriginId="org.eclipse.ui.DefaultTextEditor" StartDate="2011-11-11 11:10:39.844 CET" StructureHandle="/multiLanguageCodeGenerator/templates/javaSerializationServiceTemplate.vm" StructureKind="resource" NumEvents="153" CreationCount="197"/><InteractionEvent Delta="null" EndDate="2011-11-11 11:56:29.796 CET" Interest="25.0" Kind="selection" Navigation="null" OriginId="org.eclipse.ui.DefaultTextEditor" StartDate="2011-11-11 11:10:38.752 CET" StructureHandle="/multiLanguageCodeGenerator/templates/javaSerializationServiceTemplate.vm" StructureKind="resource" NumEvents="25" CreationCount="197"/><InteractionEvent Delta="null" EndDate="2011-11-11 11:58:49.763 CET" Interest="133.153" Kind="propagation" Navigation="org.eclipse.mylyn.core.model.edges.containment" OriginId="org.eclipse.mylyn.core.model.interest.propagation" StartDate="2011-11-11 11:44:37.349 CET" StructureHandle="/sharedDOM/src/ch" StructureKind="resource" NumEvents="134" CreationCount="835"/><InteractionEvent Delta="null" EndDate="2011-11-11 10:58:27.692 CET" Interest="10.0" Kind="propagation" Navigation="org.eclipse.mylyn.core.model.edges.containment" OriginId="org.eclipse.mylyn.core.model.interest.propagation" StartDate="2011-11-11 10:54:50.359 CET" StructureHandle="/measurementGenerator/src/ch/ethz/ruediste" StructureKind="resource" NumEvents="10" CreationCount="1"/><InteractionEvent Delta="null" EndDate="2011-11-11 11:56:55.22 CET" Interest="335.148" Kind="propagation" Navigation="org.eclipse.mylyn.core.model.edges.containment" OriginId="org.eclipse.mylyn.core.model.interest.propagation" StartDate="2011-11-11 10:56:17.626 CET" StructureHandle="/sharedDOM/generatedJava" StructureKind="resource" NumEvents="332" CreationCount="4"/><InteractionEvent Delta="null" EndDate="2011-11-11 10:58:15.738 CET" Interest="1.0" Kind="propagation" Navigation="org.eclipse.mylyn.core.model.edges.containment" OriginId="org.eclipse.mylyn.core.model.interest.propagation" StartDate="2011-11-11 10:58:15.738 CET" StructureHandle="/multiLanguageClasses/generatedC" StructureKind="resource"/><InteractionEvent Delta="null" EndDate="2011-11-11 10:58:24.179 CET" Interest="6.1" Kind="propagation" Navigation="org.eclipse.mylyn.core.model.edges.containment" OriginId="org.eclipse.mylyn.core.model.interest.propagation" StartDate="2011-11-11 10:54:50.360 CET" StructureHandle="=measurementGenerator/src&amp;lt;ch.ethz.ruediste.roofline.measurementGenerator" StructureKind="java" NumEvents="7" CreationCount="1"/><InteractionEvent Delta="null" EndDate="2011-11-11 11:10:20.321 CET" Interest="102.0" Kind="propagation" Navigation="org.eclipse.mylyn.core.model.edges.containment" OriginId="org.eclipse.mylyn.core.model.interest.propagation" StartDate="2011-11-11 11:06:02.337 CET" StructureHandle="/multiLanguageCodeGenerator/src/ch/ethz/ruediste/roofline/multiLanguageCodeGenerator" StructureKind="resource" NumEvents="102" CreationCount="90"/><InteractionEvent Delta="null" EndDate="2011-11-11 11:47:32.218 CET" Interest="1.0" Kind="selection" Navigation="null" OriginId="org.eclipse.jdt.ui.PackageExplorer" StartDate="2011-11-11 11:47:32.218 CET" StructureHandle="=sharedDOM/src&amp;lt;ch.ethz.ruediste.roofline.sharedDOM.test" StructureKind="java"/><InteractionEvent Delta="null" EndDate="2011-11-11 11:58:49.764 CET" Interest="90.735" Kind="propagation" Navigation="org.eclipse.mylyn.core.model.edges.containment" OriginId="org.eclipse.mylyn.core.model.interest.propagation" StartDate="2011-11-11 11:47:32.67 CET" StructureHandle="=sharedDOM/src&amp;lt;ch.ethz.ruediste.roofline.sharedDOM.test" StructureKind="java" NumEvents="124" CreationCount="593"/><InteractionEvent Delta="null" EndDate="2011-11-11 11:48:59.678 CET" Interest="165.0" Kind="propagation" Navigation="null" OriginId="org.eclipse.jdt.ui.CompilationUnitEditor" StartDate="2011-11-11 10:58:48.594 CET" StructureHandle="/measurementDriver/src/ch/ethz/ruediste/roofline/measurementDriver/Main.java" StructureKind="resource" NumEvents="165" CreationCount="56"/><InteractionEvent Delta="null" EndDate="2011-11-11 11:48:59.680 CET" Interest="107.4" Kind="propagation" Navigation="org.eclipse.mylyn.core.model.edges.containment" OriginId="org.eclipse.mylyn.core.model.interest.propagation" StartDate="2011-11-11 10:58:48.595 CET" StructureHandle="=measurementDriver/src" StructureKind="java" NumEvents="149" CreationCount="56"/><InteractionEvent Delta="null" EndDate="2011-11-11 11:50:06.676 CET" Interest="1.0" Kind="propagation" Navigation="org.eclipse.mylyn.core.model.edges.containment" OriginId="org.eclipse.mylyn.core.model.interest.propagation" StartDate="2011-11-11 11:50:06.676 CET" StructureHandle="=sharedDOM/\/usr\/lib\/jvm\/java-6-openjdk\/jre\/lib\/rt.jar&amp;lt;org.omg.CORBA.portable" StructureKind="java"/><InteractionEvent Delta="null" EndDate="2011-11-11 11:44:12.151 CET" Interest="1.0" Kind="selection" Navigation="null" OriginId="org.eclipse.jdt.ui.PackageExplorer" StartDate="2011-11-11 11:44:12.151 CET" StructureHandle="=sharedDOM/generatedJava&amp;lt;ch.ethz.ruediste.roofline.sharedDOM" StructureKind="java"/><InteractionEvent Delta="null" EndDate="2011-11-11 11:56:42.840 CET" Interest="83.429" Kind="propagation" Navigation="org.eclipse.mylyn.core.model.edges.containment" OriginId="org.eclipse.mylyn.core.model.interest.propagation" StartDate="2011-11-11 10:56:17.627 CET" StructureHandle="=sharedDOM/generatedJava&amp;lt;ch.ethz.ruediste.roofline.sharedDOM" StructureKind="java" NumEvents="118" CreationCount="4"/><InteractionEvent Delta="null" EndDate="2011-11-11 11:46:21.614 CET" Interest="8.0" Kind="propagation" Navigation="null" OriginId="org.eclipse.jdt.ui.PackageExplorer" StartDate="2011-11-11 11:45:48.426 CET" StructureHandle="/sharedDOM/src/ch/ethz/ruediste/roofline/sharedDOM/unitTest" StructureKind="resource" NumEvents="8" CreationCount="835"/><InteractionEvent Delta="null" EndDate="2011-11-11 11:50:20.307 CET" Interest="1.0" Kind="propagation" Navigation="org.eclipse.mylyn.core.model.edges.containment" OriginId="org.eclipse.mylyn.core.model.interest.propagation" StartDate="2011-11-11 11:50:20.307 CET" StructureHandle="=sharedDOM/\/usr\/lib\/jvm\/java-6-openjdk\/jre\/lib\/rt.jar&amp;lt;java.io(OutputStream.class" StructureKind="java"/><InteractionEvent Delta="null" EndDate="2011-11-11 11:48:59.678 CET" Interest="165.0" Kind="propagation" Navigation="org.eclipse.mylyn.core.model.edges.containment" OriginId="org.eclipse.mylyn.core.model.interest.propagation" StartDate="2011-11-11 10:58:48.594 CET" StructureHandle="/measurementDriver/src/ch/ethz/ruediste/roofline/measurementDriver" StructureKind="resource" NumEvents="165" CreationCount="56"/><InteractionEvent Delta="null" EndDate="2011-11-11 11:50:06.360 CET" Interest="8.0720005" Kind="propagation" Navigation="org.eclipse.mylyn.core.model.edges.containment" OriginId="org.eclipse.mylyn.core.model.interest.propagation" StartDate="2011-11-11 11:27:55.817 CET" StructureHandle="=multiLanguageCodeGenerator/\/usr\/lib\/jvm\/java-6-openjdk\/jre\/lib\/rt.jar" StructureKind="java" NumEvents="5" CreationCount="466"/><InteractionEvent Delta="null" EndDate="2011-11-11 11:47:23.926 CET" Interest="2.0" Kind="selection" Navigation="null" OriginId="org.eclipse.jdt.ui.PackageExplorer" StartDate="2011-11-11 11:44:37.348 CET" StructureHandle="=sharedDOM/src&amp;lt;ch.ethz.ruediste.roofline.sharedDOM" StructureKind="java" NumEvents="2" CreationCount="835"/><InteractionEvent Delta="null" EndDate="2011-11-11 11:51:22.644 CET" Interest="5.0" Kind="propagation" Navigation="null" OriginId="org.eclipse.jdt.ui.TypeHierarchy" StartDate="2011-11-11 11:50:50.366 CET" StructureHandle="/lpf" StructureKind="resource" NumEvents="5" CreationCount="891"/><InteractionEvent Delta="null" EndDate="2011-11-11 11:27:55.784 CET" Interest="1.0" Kind="selection" Navigation="null" OriginId="org.eclipse.jdt.ui.TypeHierarchy" StartDate="2011-11-11 11:27:55.784 CET" StructureHandle="=sharedDOM/\/usr\/lib\/jvm\/java-6-openjdk\/jre\/lib\/rt.jar&amp;lt;java.lang(Exception.class[Exception" StructureKind="java"/><InteractionEvent Delta="null" EndDate="2011-11-11 11:27:52.204 CET" Interest="1.0" Kind="propagation" Navigation="org.eclipse.mylyn.core.model.edges.containment" OriginId="org.eclipse.mylyn.core.model.interest.propagation" StartDate="2011-11-11 11:27:52.204 CET" StructureHandle="=sharedDOM/\/usr\/lib\/jvm\/java-6-openjdk\/jre\/lib\/rt.jar&amp;lt;java.lang(Exception.class[Exception" StructureKind="java"/><InteractionEvent Delta="null" EndDate="2011-11-11 11:56:34.326 CET" Interest="132.185" Kind="propagation" Navigation="org.eclipse.mylyn.core.model.edges.containment" OriginId="org.eclipse.mylyn.core.model.interest.propagation" StartDate="2011-11-11 11:10:14.369 CET" StructureHandle="=multiLanguageCodeGenerator/templates" StructureKind="java" NumEvents="179" CreationCount="192"/><InteractionEvent Delta="null" EndDate="2011-11-11 11:10:20.321 CET" Interest="102.0" Kind="propagation" Navigation="org.eclipse.mylyn.core.model.edges.containment" OriginId="org.eclipse.mylyn.core.model.interest.propagation" StartDate="2011-11-11 11:06:02.337 CET" StructureHandle="/multiLanguageCodeGenerator/src/ch" StructureKind="resource" NumEvents="102" CreationCount="90"/><InteractionEvent Delta="null" EndDate="2011-11-11 11:27:52.204 CET" Interest="1.0" Kind="selection" Navigation="null" OriginId="org.eclipse.jdt.ui.TypeHierarchy" StartDate="2011-11-11 11:27:52.204 CET" StructureHandle="=sharedDOM/\/usr\/lib\/jvm\/java-6-openjdk\/jre\/lib\/rt.jar&amp;lt;java.lang(Exception.class[Exception~Exception~Ljava.lang.String;" StructureKind="java"/><InteractionEvent Delta="null" EndDate="2011-11-11 10:58:27.693 CET" Interest="10.0" Kind="propagation" Navigation="org.eclipse.mylyn.core.model.edges.containment" OriginId="org.eclipse.mylyn.core.model.interest.propagation" StartDate="2011-11-11 10:54:50.359 CET" StructureHandle="=measurementGenerator" StructureKind="resource" NumEvents="10" CreationCount="1"/><InteractionEvent Delta="null" EndDate="2011-11-11 11:56:42.841 CET" Interest="84.429" Kind="propagation" Navigation="org.eclipse.mylyn.core.model.edges.containment" OriginId="org.eclipse.mylyn.core.model.interest.propagation" StartDate="2011-11-11 10:56:17.627 CET" StructureHandle="=sharedDOM/generatedJava" StructureKind="java" NumEvents="119" CreationCount="4"/><InteractionEvent Delta="null" EndDate="2011-11-11 11:28:14.335 CET" Interest="1.0" Kind="edit" Navigation="null" OriginId="org.eclipse.jdt.ui.ClassFileEditor" StartDate="2011-11-11 11:28:14.335 CET" StructureHandle="=multiLanguageCodeGenerator/\/usr\/lib\/jvm\/java-6-openjdk\/jre\/lib\/rt.jar&amp;lt;java.lang(Throwable.class" StructureKind="java"/><InteractionEvent Delta="null" EndDate="2011-11-11 11:27:58.92 CET" Interest="1.0" Kind="selection" Navigation="null" OriginId="org.eclipse.jdt.ui.ClassFileEditor" StartDate="2011-11-11 11:27:58.92 CET" StructureHandle="=multiLanguageCodeGenerator/\/usr\/lib\/jvm\/java-6-openjdk\/jre\/lib\/rt.jar&amp;lt;java.lang(Throwable.class" StructureKind="java"/><InteractionEvent Delta="null" EndDate="2011-11-11 11:50:06.360 CET" Interest="6.372" Kind="propagation" Navigation="org.eclipse.mylyn.core.model.edges.containment" OriginId="org.eclipse.mylyn.core.model.interest.propagation" StartDate="2011-11-11 11:27:55.816 CET" StructureHandle="=multiLanguageCodeGenerator/\/usr\/lib\/jvm\/java-6-openjdk\/jre\/lib\/rt.jar&amp;lt;java.lang(Throwable.class" StructureKind="java" NumEvents="3" CreationCount="466"/><InteractionEvent Delta="null" EndDate="2011-11-11 11:48:59.679 CET" Interest="107.4" Kind="propagation" Navigation="org.eclipse.mylyn.core.model.edges.containment" OriginId="org.eclipse.mylyn.core.model.interest.propagation" StartDate="2011-11-11 10:58:48.595 CET" StructureHandle="=measurementDriver/src&amp;lt;ch.ethz.ruediste.roofline.measurementDriver" StructureKind="java" NumEvents="150" CreationCount="56"/><InteractionEvent Delta="null" EndDate="2011-11-11 11:58:49.763 CET" Interest="133.153" Kind="propagation" Navigation="org.eclipse.mylyn.core.model.edges.containment" OriginId="org.eclipse.mylyn.core.model.interest.propagation" StartDate="2011-11-11 11:44:37.349 CET" StructureHandle="/sharedDOM/src/ch/ethz" StructureKind="resource" NumEvents="134" CreationCount="835"/><InteractionEvent Delta="null" EndDate="2011-11-11 11:16:51.821 CET" Interest="1.0" Kind="selection" Navigation="null" OriginId="org.eclipse.jdt.ui.PackageExplorer" StartDate="2011-11-11 11:16:51.821 CET" StructureHandle="/multiLanguageClasses/generatedJava" StructureKind="resource"/><InteractionEvent Delta="null" EndDate="2011-11-11 11:16:52.748 CET" Interest="1.0170002" Kind="propagation" Navigation="org.eclipse.mylyn.core.model.edges.containment" OriginId="org.eclipse.mylyn.core.model.interest.propagation" StartDate="2011-11-11 10:56:17.623 CET" StructureHandle="/multiLanguageClasses/generatedJava" StructureKind="resource" NumEvents="2" CreationCount="4"/><InteractionEvent Delta="null" EndDate="2011-11-11 11:16:51.821 CET" Interest="3.131" Kind="manipulation" Navigation="null" OriginId="org.eclipse.mylyn.core.model.interest.decay.correction" StartDate="2011-11-11 11:16:51.821 CET" StructureHandle="/multiLanguageClasses/generatedJava" StructureKind="resource"/><InteractionEvent Delta="null" EndDate="2011-11-11 11:50:20.307 CET" Interest="8.242001" Kind="propagation" Navigation="org.eclipse.mylyn.core.model.edges.containment" OriginId="org.eclipse.mylyn.core.model.interest.propagation" StartDate="2011-11-11 11:27:52.205 CET" StructureHandle="=sharedDOM/\/usr\/lib\/jvm\/java-6-openjdk\/jre\/lib\/rt.jar" StructureKind="java" NumEvents="5" CreationCount="464"/><InteractionEvent Delta="null" EndDate="2011-11-11 11:37:36.151 CET" Interest="87.0" Kind="edit" Navigation="null" OriginId="org.eclipse.jdt.ui.CompilationUnitEditor" StartDate="2011-11-11 11:26:55.234 CET" StructureHandle="=sharedDOM/generatedJava&amp;lt;ch.ethz.ruediste.roofline.sharedDOM{MultiLanguageSerializationService.java[MultiLanguageSerializationService~DeSerializeImp~QScanner;" StructureKind="java" NumEvents="87" CreationCount="441"/><InteractionEvent Delta="null" EndDate="2011-11-11 11:37:58.66 CET" Interest="8.0" Kind="selection" Navigation="null" OriginId="org.eclipse.jdt.ui.CompilationUnitEditor" StartDate="2011-11-11 11:26:53.203 CET" StructureHandle="=sharedDOM/generatedJava&amp;lt;ch.ethz.ruediste.roofline.sharedDOM{MultiLanguageSerializationService.java[MultiLanguageSerializationService~DeSerializeImp~QScanner;" StructureKind="java" NumEvents="8" CreationCount="441"/><InteractionEvent Delta="null" EndDate="2011-11-11 11:48:59.678 CET" Interest="142.0" Kind="edit" Navigation="null" OriginId="org.eclipse.jdt.ui.CompilationUnitEditor" StartDate="2011-11-11 11:01:07.550 CET" StructureHandle="=measurementDriver/src&amp;lt;ch.ethz.ruediste.roofline.measurementDriver{Main.java[Main~main~\[QString;" StructureKind="java" NumEvents="142" CreationCount="56"/><InteractionEvent Delta="null" EndDate="2011-11-11 11:48:50.112 CET" Interest="8.0" Kind="selection" Navigation="null" OriginId="org.eclipse.jdt.ui.CompilationUnitEditor" StartDate="2011-11-11 10:58:48.593 CET" StructureHandle="=measurementDriver/src&amp;lt;ch.ethz.ruediste.roofline.measurementDriver{Main.java[Main~main~\[QString;" StructureKind="java" NumEvents="8" CreationCount="56"/><InteractionEvent Delta="null" EndDate="2011-11-11 11:57:01.351 CET" Interest="7.0" Kind="selection" Navigation="null" OriginId="org.eclipse.jdt.ui.CompilationUnitEditor" StartDate="2011-11-11 11:48:13.657 CET" StructureHandle="=sharedDOM/src&amp;lt;ch.ethz.ruediste.roofline.sharedDOM.test{Serialization.java" StructureKind="java" NumEvents="7" CreationCount="845"/><InteractionEvent Delta="null" EndDate="2011-11-11 11:58:49.764 CET" Interest="80.451004" Kind="propagation" Navigation="org.eclipse.mylyn.core.model.edges.containment" OriginId="org.eclipse.mylyn.core.model.interest.propagation" StartDate="2011-11-11 11:48:13.632 CET" StructureHandle="=sharedDOM/src&amp;lt;ch.ethz.ruediste.roofline.sharedDOM.test{Serialization.java" StructureKind="java" NumEvents="115" CreationCount="845"/><InteractionEvent Delta="null" EndDate="2011-11-11 11:46:21.509 CET" Interest="2.0" Kind="selection" Navigation="null" OriginId="org.eclipse.jdt.ui.PackageExplorer" StartDate="2011-11-11 11:46:19.486 CET" StructureHandle="=sharedDOM/src&amp;lt;ch.ethz.ruediste.roofline.sharedDOM.unitTest{Serialization.java[Serialization" StructureKind="java" NumEvents="2" CreationCount="839"/><InteractionEvent Delta="null" EndDate="2011-11-11 11:10:20.321 CET" Interest="102.0" Kind="propagation" Navigation="org.eclipse.mylyn.core.model.edges.containment" OriginId="org.eclipse.mylyn.core.model.interest.propagation" StartDate="2011-11-11 11:06:02.337 CET" StructureHandle="/multiLanguageCodeGenerator/src/ch/ethz/ruediste/roofline/multiLanguageCodeGenerator/javaGenerator" StructureKind="resource" NumEvents="102" CreationCount="90"/><InteractionEvent Delta="null" EndDate="2011-11-11 10:57:59.254 CET" Interest="18.0" Kind="edit" Navigation="null" OriginId="org.eclipse.wst.xml.ui.internal.tabletree.XMLMultiPageEditorPart" StartDate="2011-11-11 10:57:23.407 CET" StructureHandle="/multiLanguageClasses/template.xml" StructureKind="resource" NumEvents="18" CreationCount="18"/><InteractionEvent Delta="null" EndDate="2011-11-11 10:57:56.385 CET" Interest="5.0" Kind="selection" Navigation="null" OriginId="org.eclipse.wst.xml.ui.internal.tabletree.XMLMultiPageEditorPart" StartDate="2011-11-11 10:57:23.208 CET" StructureHandle="/multiLanguageClasses/template.xml" StructureKind="resource" NumEvents="5" CreationCount="18"/><InteractionEvent Delta="null" EndDate="2011-11-11 11:48:59.679 CET" Interest="165.0" Kind="propagation" Navigation="org.eclipse.mylyn.core.model.edges.containment" OriginId="org.eclipse.mylyn.core.model.interest.propagation" StartDate="2011-11-11 10:58:48.594 CET" StructureHandle="/measurementDriver/src" StructureKind="resource" NumEvents="165" CreationCount="56"/><InteractionEvent Delta="null" EndDate="2011-11-11 11:39:01.729 CET" Interest="3.0" Kind="selection" Navigation="null" OriginId="org.eclipse.jdt.ui.CompilationUnitEditor" StartDate="2011-11-11 11:38:30.157 CET" StructureHandle="=measurementDriver/src&amp;lt;ch.ethz.ruediste.roofline.measurementDriver{Main.java[Main" StructureKind="java" NumEvents="3" CreationCount="56"/><InteractionEvent Delta="null" EndDate="2011-11-11 11:48:59.678 CET" Interest="104.4" Kind="propagation" Navigation="org.eclipse.mylyn.core.model.edges.containment" OriginId="org.eclipse.mylyn.core.model.interest.propagation" StartDate="2011-11-11 10:58:48.593 CET" StructureHandle="=measurementDriver/src&amp;lt;ch.ethz.ruediste.roofline.measurementDriver{Main.java[Main" StructureKind="java" NumEvents="147" CreationCount="56"/><InteractionEvent Delta="null" EndDate="2011-11-11 11:50:09.32 CET" Interest="1.0" Kind="propagation" Navigation="org.eclipse.mylyn.core.model.edges.containment" OriginId="org.eclipse.mylyn.core.model.interest.propagation" StartDate="2011-11-11 11:50:09.32 CET" StructureHandle="=sharedDOM/\/usr\/lib\/jvm\/java-6-openjdk\/jre\/lib\/rt.jar&amp;lt;org.omg.CORBA_2_3.portable" StructureKind="java"/><InteractionEvent Delta="null" EndDate="2011-11-11 11:10:18.508 CET" Interest="69.2" Kind="propagation" Navigation="org.eclipse.mylyn.core.model.edges.containment" OriginId="org.eclipse.mylyn.core.model.interest.propagation" StartDate="2011-11-11 11:06:12.779 CET" StructureHandle="=multiLanguageCodeGenerator/src&amp;lt;ch.ethz.ruediste.roofline.multiLanguageCodeGenerator.javaGenerator{JavaCodeGenerator.java[JavaCodeGenerator" StructureKind="java" NumEvents="98" CreationCount="92"/><InteractionEvent Delta="null" EndDate="2011-11-11 11:37:35.753 CET" Interest="12.148" Kind="propagation" Navigation="org.eclipse.mylyn.core.model.edges.containment" OriginId="org.eclipse.mylyn.core.model.interest.propagation" StartDate="2011-11-11 10:56:17.624 CET" StructureHandle="=multiLanguageClasses/generatedJava\/ch\/ethz\/ruediste\/roofline\/sharedDOM" StructureKind="java" NumEvents="3" CreationCount="4"/><InteractionEvent Delta="null" EndDate="2011-11-11 11:08:54.91 CET" Interest="1.0" Kind="selection" Navigation="null" OriginId="org.eclipse.jdt.ui.CompilationUnitEditor" StartDate="2011-11-11 11:08:54.91 CET" StructureHandle="=multiLanguageCodeGenerator/src&amp;lt;ch.ethz.ruediste.roofline.multiLanguageCodeGenerator{CodeGeneratorBase.java" StructureKind="java"/><InteractionEvent Delta="null" EndDate="2011-11-11 11:08:56.429 CET" Interest="0.71700007" Kind="propagation" Navigation="org.eclipse.mylyn.core.model.edges.containment" OriginId="org.eclipse.mylyn.core.model.interest.propagation" StartDate="2011-11-11 11:08:54.677 CET" StructureHandle="=multiLanguageCodeGenerator/src&amp;lt;ch.ethz.ruediste.roofline.multiLanguageCodeGenerator{CodeGeneratorBase.java" StructureKind="java" NumEvents="2" CreationCount="161"/><InteractionEvent Delta="null" EndDate="2011-11-11 11:56:55.22 CET" Interest="335.148" Kind="propagation" Navigation="org.eclipse.mylyn.core.model.edges.containment" OriginId="org.eclipse.mylyn.core.model.interest.propagation" StartDate="2011-11-11 10:56:17.626 CET" StructureHandle="/sharedDOM/generatedJava/ch/ethz/ruediste/roofline" StructureKind="resource" NumEvents="332" CreationCount="4"/><InteractionEvent Delta="null" EndDate="2011-11-11 11:10:20.321 CET" Interest="102.0" Kind="propagation" Navigation="org.eclipse.mylyn.core.model.edges.containment" OriginId="org.eclipse.mylyn.core.model.interest.propagation" StartDate="2011-11-11 11:06:02.337 CET" StructureHandle="/multiLanguageCodeGenerator/src/ch/ethz" StructureKind="resource" NumEvents="102" CreationCount="90"/><InteractionEvent Delta="null" EndDate="2011-11-11 10:58:24.178 CET" Interest="3.0" Kind="edit" Navigation="null" OriginId="org.eclipse.jdt.ui.CompilationUnitEditor" StartDate="2011-11-11 10:56:00.25 CET" StructureHandle="=measurementGenerator/src&amp;lt;ch.ethz.ruediste.roofline.measurementGenerator{Main.java" StructureKind="java" NumEvents="3" CreationCount="1"/><InteractionEvent Delta="null" EndDate="2011-11-11 10:58:21.885 CET" Interest="4.0" Kind="selection" Navigation="null" OriginId="org.eclipse.jdt.ui.PackageExplorer" StartDate="2011-11-11 10:54:50.358 CET" StructureHandle="=measurementGenerator/src&amp;lt;ch.ethz.ruediste.roofline.measurementGenerator{Main.java" StructureKind="java" NumEvents="4" CreationCount="1"/><InteractionEvent Delta="null" EndDate="2011-11-11 11:58:49.762 CET" Interest="112.0" Kind="edit" Navigation="null" OriginId="org.eclipse.jdt.ui.CompilationUnitEditor" StartDate="2011-11-11 11:48:30.174 CET" StructureHandle="=sharedDOM/src&amp;lt;ch.ethz.ruediste.roofline.sharedDOM.test{Serialization.java[Serialization~test" StructureKind="java" NumEvents="112" CreationCount="848"/><InteractionEvent Delta="null" EndDate="2011-11-11 11:57:02.39 CET" Interest="9.0" Kind="selection" Navigation="null" OriginId="org.eclipse.jdt.ui.CompilationUnitEditor" StartDate="2011-11-11 11:48:17.190 CET" StructureHandle="=sharedDOM/src&amp;lt;ch.ethz.ruediste.roofline.sharedDOM.test{Serialization.java[Serialization~test" StructureKind="java" NumEvents="9" CreationCount="848"/></InteractionHistory>